EstudianteID,ProbabilidadVerdadera
1,0.47934600587460097
2,0.3337881883801947
3,0.14660214953121822
4,0.2540439630623317
5,0.3003445028646251
6,0.023268092179680146
7,0.25054060965294805
8,0.04343401190123743
9,0.0008756392919008813
10,0.010323289469102555
11,0.014596716546317872
12,0.024042361321706642
13,0.005928762261573348
14,0.04084924878779598
15,0.01937538881289592
16,0.9070660914474582
17,0.043669644151124565
18,0.8216970266335535
19,0.6743132329202908
20,0.029096535495258594
21,0.01545583431980218
22,0.13233075985467097
23,0.9598139464607639
24,0.0028988027780671773
25,0.08922176746987698
26,0.2199982065117538
27,0.7367953035785184
28,0.868014824339315
29,0.08103287359005758
30,0.06125382559541065
31,0.014520444707788186
32,0.09920947882660759
33,0.00704691168053187
34,0.04968325989910462
35,0.0940761875570612
36,0.022755614063744614
37,0.6070171174488831
38,0.2657326229668257
39,0.03156887245146491
40,0.02759240799808503
41,0.00782528731812816
42,0.002584708463078992
43,0.19708395910456802
44,0.04121405164449107
45,0.09351234132380125
46,0.8363116327358725
47,0.00605256591469758
48,0.020938744812697627
49,0.005342491211164835
50,0.5166021702673685
51,0.0042784483025248244
52,0.03460924281321534
53,0.9613706411239844
54,0.5653658341709417
55,0.4154931747089599
56,0.003080159925637147
57,0.27675704750737484
58,0.0019124665419118837
59,0.0027407830649566487
60,0.03672700471600939
61,0.23668192799845486
62,0.07938346295132541
63,0.8389879161845206
64,0.2546631700718864
65,0.06642750547130578
66,0.28493307695988696
67,0.030930639749995232
68,0.1353576329455398
69,0.08532397493713681
70,0.002516159731357694
71,0.18642492387922183
72,0.006438127851055237
73,0.40097171910330714
74,0.15285481324130104
75,0.0008371779502557846
76,0.001251117398502055
77,0.04548554945785891
78,0.02896204740281755
79,0.03071458482824428
80,0.017972853788916904
81,0.11365884426562554
82,0.9110301071972526
83,0.0024440532275377593
84,0.0055242937430819055
85,0.01343746686296117
86,0.9896405822522242
87,0.5327678686635975
88,0.0036436399973260422
89,0.7330909890093421
90,0.010168412211126252
91,0.38764612670613185
92,0.011471247103026197
93,0.0053228476002201985
94,0.0003998813337253159
95,0.5965787781964301
96,0.02901681702343708
97,0.33657840266997874
98,0.28576330441995307
99,0.0345219051581327
100,0.4171055813301697
101,0.9957384126261903
102,0.021114539127443387
103,0.0037998826219661167
104,0.004428093999280699
105,0.005679079599119417
106,0.32307063113447726
107,0.9795170874750873
108,0.12004379092098626
109,0.004395157204028817
110,0.11539132064360402
111,0.0654711985829983
112,0.010772565746214878
113,0.02952264672403618
114,0.1039963096794931
115,0.009631134405397057
116,0.05202237334326127
117,0.2791820440444783
118,0.019677078408793354
119,0.0345089235060216
120,0.14503992668438528
121,0.1612557727228123
122,0.07585466924906105
123,0.019101804137223753
124,0.8620727917050657
125,0.01633481013842896
126,0.029364003260443458
127,0.005692562004813241
128,0.02114921336955982
129,0.011420817189293457
130,0.06377934118126534
131,0.044350898241696704
132,0.024467101282024867
133,0.8700741633777993
134,0.03282844235194702
135,0.9662550073269357
136,0.002861507621761634
137,0.0039734256182099095
138,0.11190806221497045
139,0.020710686611287384
140,0.004571333172603722
141,0.6453441060992253
142,0.006320160868739772
143,0.005111186861440994
144,0.03553170342003433
145,0.1406764332664569
146,0.11906303298965869
147,0.8422585480120555
148,0.7206214769758286
149,0.6336244329813958
150,0.013259560920744798
151,0.24987022572747286
152,0.019917150467078877
153,0.15780552043219342
154,0.09050221030814663
155,0.0031704511344357923
156,0.1313252310582967
157,0.023987593597604037
158,0.16383362555658137
159,0.018808290438384313
160,0.00906067485918687
161,0.20048722030886001
162,0.0075430145416507475
163,0.0529189196272153
164,0.09587806059254689
165,0.05238611475528743
166,0.09866085504429808
167,0.0016480672198787853
168,0.7993031876621222
169,0.05808623387902678
170,0.000361085134605299
171,0.20318652671334983
172,0.005375336057562279
173,0.9804338076837519
174,0.0028548931233274228
175,0.40084378063799087
176,0.004504253679127196
177,0.8407761261840565
178,0.059406977574117954
179,0.676865513225419
180,0.25188576128261453
181,0.8644152077089785
182,0.7944332160747648
183,0.07372777430863214
184,0.7567578066033384
185,0.004226715590049529
186,0.028127897495703484
187,0.022575645977461967
188,0.6748533098609725
189,0.9346707378191836
190,0.008027139922786829
191,0.011526000875592076
192,0.012578633969952735
193,0.24284843784795845
194,0.04529568791497612
195,0.08348018061548827
196,0.0067427571831039325
197,0.01947776171392939
198,0.1884828832433105
199,0.32473703093624057
200,0.8086711306495191
201,0.052170395163686246
202,0.006549428959370824
203,0.15587256578393785
204,0.4640432554604984
205,0.0028098615014574262
206,0.02017832184213347
207,0.0436756160819222
208,0.02679550961327611
209,0.1286501900836176
210,0.9929692052193378
211,0.05183587957617537
212,0.05372957364743077
213,0.07626629877587082
214,0.006715236662126203
215,0.8417234210451626
216,0.6123962548249211
217,0.6056348331046805
218,0.0066348933167560895
219,0.9404406042192447
220,0.9180683365197148
221,0.4852473839781402
222,0.01992794802780317
223,0.9842080211767444
224,0.9256309626284491
225,0.005619349344088366
226,0.042393242473033645
227,0.0280844339302196
228,0.03211561161500357
229,0.15613992802143517
230,0.5294297671955348
231,0.010415637631892993
232,0.00740740536567949
233,0.0014920134315617865
234,0.007183414415084472
235,0.1077887638549279
236,0.4506535934491907
237,0.15563112236935045
238,0.01689169036379067
239,0.9301544727732268
240,0.8723473167597614
241,0.9223554083796801
242,0.01926817051840816
243,0.04976731969506811
244,0.7507132725645291
245,0.7481432895668552
246,0.1411561262985311
247,0.010357579441467384
248,0.4216413755811235
249,0.056821329990122627
250,0.0970012592438382
251,0.7150024548653802
252,0.9573920166243792
253,0.8477485024818785
254,0.0006712866296051574
255,0.5932935714822437
256,0.07172479785380445
257,0.21082797154670405
258,0.30504177730254134
259,0.23474031589509436
260,0.12710278224076071
261,0.03546413314300265
262,0.00608873915030919
263,0.19381079947714436
264,0.0009617115853804918
265,0.6753476882856146
266,0.02495531923332655
267,0.05523384017002597
268,0.018122190571518565
269,0.9798973330590917
270,0.3439668759682191
271,0.1965033086938607
272,0.008402379995060261
273,0.18668280023327932
274,0.06419948617060266
275,0.5354847053484889
276,0.027475968914573518
277,0.0014956463871086624
278,0.6004032605516719
279,0.021075944731206633
280,0.13082658556484889
281,0.2235249186873232
282,0.013726102496919653
283,0.7572386849127328
284,0.09058660933258617
285,0.47619748301203507
286,0.005567333804818817
287,0.9749339459281496
288,0.0022824788012668173
289,0.40911703233795876
290,0.056177642965293685
291,0.013998994590992424
292,0.026296516180605068
293,0.911969505815636
294,0.002322543286203379
295,0.05272435983778853
296,0.044070135753180924
297,0.006998083854095719
298,0.038740591217472406
299,0.2805579091616699
300,0.031469069495867495
301,0.0023632840370087583
302,0.004249736477161631
303,0.27561163974067626
304,0.0010958022602459896
305,0.04356881788349172
306,0.564164292720668
307,0.34355139637765575
308,0.19907100302234954
309,0.002229822115305358
310,0.02491701019730925
311,0.004940585625545398
312,0.003145439343823897
313,0.01745489300800106
314,0.004043013930437442
315,0.629206794523167
316,0.08700852103515355
317,0.0263671999353114
318,0.024910366391475716
319,0.8155652505786448
320,0.11118180001329625
321,0.01827618106121396
322,0.007905662346130694
323,0.04801407507634026
324,0.31475340068847896
325,0.6641440644029224
326,0.01976600640035042
327,0.08301168229771959
328,0.08791533083292216
329,0.19241684279018523
330,0.020534805178543242
331,0.2041935141400351
332,0.7664640796075026
333,0.7563025523481401
334,0.005360860750223988
335,0.07789077498189134
336,0.04854234193534716
337,0.014569332964266084
338,0.12083019181782342
339,0.5993918050935895
340,0.041331916219281804
341,0.09228850688894168
342,0.21548254743497058
343,0.011850821422069377
344,0.07743034898910371
345,0.01842008975540684
346,0.04116725361744015
347,0.9692675497563293
348,0.1478867970261698
349,0.0634770295139116
350,0.010327022736650463
351,0.010499325298104012
352,0.39180749676583665
353,0.007996968091202147
354,0.409581083791951
355,0.14130020264310653
356,0.984294968111843
357,0.347064886930983
358,0.050491863433959554
359,0.04345173800010627
360,0.14149346486885078
361,0.5400722328809707
362,0.26561126523902384
363,0.034585602298077896
364,0.05839207328195132
365,0.09260236188989983
366,0.3389849169478848
367,0.9392251128564695
368,0.07967470787393255
369,0.015441480369298531
370,0.25768772839395115
371,0.05910692673360282
372,0.0023574841917165033
373,0.7538027766129469
374,0.04063994145908685
375,0.05661546093422615
376,0.16436768743146143
377,0.005962366046187723
378,0.0033201928022212465
379,0.0033318096576322293
380,0.004883403541408425
381,0.6683348024321772
382,0.873241676321305
383,0.12198686196865972
384,0.007051556961952436
385,0.06326166723578806
386,0.03763219635446062
387,0.019533104943568375
388,0.019320996558733386
389,0.022869958988475828
390,0.7880740739987893
391,0.011386152009797548
392,0.2535287971238654
393,0.9458285570240944
394,0.006887092507581432
395,0.9758647647151923
396,0.11858282618140971
397,0.06217873241226333
398,0.008200109999796607
399,0.11666318807503404
400,0.10631738123958787
401,0.11430146431299631
402,0.031638113243242595
403,0.025066984446011093
404,0.24532370963472233
405,0.0006140686413514177
406,0.04066044421002658
407,0.16459898669626388
408,0.4690990146211455
409,0.018386624384551138
410,0.2871895058399133
411,0.30527336324906235
412,0.19392297206639658
413,0.15811685703162243
414,0.001670091727926139
415,0.2533089632868936
416,0.18879052450653194
417,0.025873189598614572
418,0.1782445908569577
419,0.6331326129386509
420,0.016170980313701067
421,0.19917161617523438
422,0.09001002076263621
423,0.0816137826175529
424,0.15198117230912286
425,0.00526759397961334
426,0.0024964756201372534
427,0.029955344601530685
428,0.4482079201943286
429,0.04122099102340812
430,0.0029552383743092613
431,0.14350528249188335
432,0.0888059767225157
433,0.008900017246127585
434,0.23233619145014808
435,0.09586510070084601
436,0.002923183294687776
437,0.9158545922010337
438,0.04001709839534746
439,0.058565967521249936
440,0.016570318223135715
441,0.9808594571209843
442,0.23760904207357478
443,0.14244432834519122
444,0.04190477767907667
445,0.003165264421364732
446,0.017436687056864894
447,0.006856079694517074
448,0.21070637644716292
449,0.008269724567281575
450,0.4629947700917543
451,0.0801497064192383
452,0.7863753756110492
453,0.027222198979660942
454,0.008450661058972603
455,0.6291738447394327
456,0.024925140123620224
457,0.5446976748685658
458,0.12285779968686951
459,0.012696342828419159
460,0.42266633702553524
461,0.9191838490625286
462,0.004183527109635359
463,0.020192141320600442
464,0.20576371288614068
465,0.02740794878771852
466,0.31034713250025686
467,0.298971760627688
468,0.007059797114681218
469,0.0006672191000443027
470,0.03647736508646854
471,0.449873862501674
472,0.010431365218670456
473,0.01898593040611268
474,0.6256226869243783
475,0.008918804718413142
476,0.29493228636616875
477,0.704841088746292
478,0.6852998083129409
479,0.03904775886416564
480,0.05319310171811695
481,0.08502851028309974
482,0.30267578901970854
483,0.0068209831990917345
484,0.035809169111782564
485,0.040686548728773024
486,0.06767840442734488
487,0.6536634972194154
488,0.330219847214436
489,0.0016979884116160614
490,0.5199343905060925
491,0.0020996210483068137
492,0.0759871683300222
493,0.009422656310511396
494,0.6660973234119809
495,0.2585224526044381
496,0.03952101517089108
497,0.26520668217335547
498,0.9837173160353184
499,0.6579470661945641
500,0.07039755031477142
501,0.020438474582023757
502,0.3066142323840077
503,0.6579655401803443
504,0.12112841795574901
505,0.09300995718988911
506,0.8104965998694311
507,0.22087739708236737
508,0.019693629173068033
509,0.8692307339647052
510,0.03671723917061687
511,0.5159422590017834
512,0.6564918058380769
513,0.49798788662026555
514,0.11214040674682636
515,0.9256650347458714
516,0.017719410079471188
517,0.39665699705696345
518,0.08513942185197998
519,0.09499665409764156
520,0.025551016507240953
521,0.1804007680767678
522,0.0098380618331798
523,0.0068983850925125965
524,0.00314076947046034
525,0.2290702602924095
526,0.09871163501206487
527,0.0025914242509607103
528,0.08791384361319898
529,0.0550660696021774
530,0.001831772663935211
531,0.0018561558919338755
532,0.005557374282205879
533,0.008225249770544516
534,0.023986168503559425
535,0.0023362471130595253
536,0.9807689709246172
537,0.05860540716507425
538,0.008126428088104584
539,0.012023906540053753
540,0.017575599337278376
541,0.08023475338687235
542,0.07991371263698852
543,0.14011385240858298
544,0.049519805399258834
545,0.12926596174811403
546,0.0743010153916061
547,0.026680770634742453
548,0.042869433708561375
549,0.0034326508686512457
550,0.08307332605621676
551,0.00862237392313361
552,0.02807348180998489
553,0.0058977343211992495
554,0.19657834094786739
555,0.0661513936893014
556,0.11181241105494948
557,0.006417516300418648
558,0.06115189159407521
559,0.0035341712027133726
560,0.025032863193496263
561,0.5873441626036106
562,0.003669892153902662
563,0.09010658844950158
564,0.009461467753403155
565,0.6237060209398178
566,0.5148367781685529
567,0.6302091997565441
568,0.10128682563844692
569,0.9847424792041526
570,0.056042171804996245
571,0.014345683304312276
572,0.8819227965833644
573,0.01692831542689067
574,0.0007424374904759408
575,0.9056240273220805
576,0.33984469312524856
577,0.043087883817378735
578,0.007806297605623799
579,0.10484870320298095
580,0.3271734068395721
581,0.004162838984316789
582,0.024418109277103504
583,0.00861147844117621
584,0.2273096145613983
585,0.12049295409946824
586,0.034062458765319076
587,0.051022682271397356
588,0.04643856880581398
589,0.14419848653806788
590,0.010390938108170409
591,0.0143803432708514
592,0.03412798517252682
593,0.3773703929849473
594,0.9552350339792348
595,0.04504427888099992
596,0.016372158482957047
597,0.5942298707316664
598,0.012609387620218914
599,0.5345626850199509
600,0.010210329923464781
601,0.03087484224925368
602,0.03224114206026821
603,0.11580475477572591
604,0.03521274163720511
605,0.8917858511845532
606,0.02436977417160267
607,0.31067092650701444
608,0.011316452118556983
609,0.01745475779268937
610,0.34050280426285645
611,0.2968174798481285
612,0.04507107887444005
613,0.0037508357529044776
614,0.007359017423699129
615,0.004402634236400835
616,0.18196029300711053
617,0.003327138898860255
618,0.0011752284524544495
619,0.3480989931829571
620,0.009424238255506902
621,0.00437708914510197
622,0.1387931425525936
623,0.01688863221953953
624,0.007487428779456612
625,0.0038169847234631447
626,0.059923005611801736
627,0.0046216900277522115
628,0.003029837261742006
629,0.003695823988148335
630,0.04840768343853132
631,0.00392162033174612
632,0.011375569588549662
633,0.7165310887653229
634,0.039407438574311865
635,0.2067003719510166
636,0.0040644374171530774
637,0.05602411813387833
638,0.0077289312928355116
639,0.4274546285029774
640,0.046593405443726164
641,0.15332198171237907
642,0.029319184709794853
643,0.17664541890049681
644,0.013339733506223141
645,0.006634756213855375
646,0.10928136933120167
647,0.011112381406314167
648,0.12020605423056553
649,0.4399814300856271
650,0.007125741967346763
651,0.18177884174192832
652,0.3172965536787916
653,0.3935937812092474
654,0.029397622646592427
655,0.006390383658732311
656,0.01720386543548577
657,0.16885579153563185
658,0.10159180679032515
659,0.10271032227047432
660,0.013834808034372034
661,0.012178507677886636
662,0.10819352057118393
663,0.20860805112699857
664,0.0008891402767069643
665,0.7394554732281964
666,0.02564809282305092
667,0.9032165373024433
668,0.20638366364045793
669,0.0337657080906581
670,0.9073667638035858
671,0.06361644210187754
672,0.09695286887499244
673,0.005515220299700345
674,0.13461507708066175
675,0.004018171981556069
676,0.7084698741487574
677,0.33358929541468735
678,0.7973838136569218
679,0.3448340117462856
680,0.008982314929807106
681,0.027470213074243823
682,0.45324713736773864
683,0.015513329999581405
684,0.030939022320370806
685,0.041466940150137646
686,0.05873174803618131
687,0.8821975388431322
688,0.10624458801185907
689,0.13543706992618879
690,0.05612174573554918
691,0.015969624148491998
692,0.021827003775188702
693,0.03251959459664776
694,0.015980008960390372
695,0.11665566302265064
696,0.44257443988220396
697,0.02803268430288037
698,0.4922926102339723
699,0.308822666328518
700,0.01573998076576842
701,0.03749447048246991
702,0.017534507559166482
703,0.07221707382028787
704,0.0023595476536022618
705,0.007668317004922883
706,0.0069364887908032295
707,0.10089765167264614
708,0.015758243857220283
709,0.04686643787875725
710,0.25769359342030207
711,0.018025877565465625
712,0.02205081584828144
713,0.049118760491180746
714,0.024493911687075536
715,0.027399164595668598
716,0.00508433035569129
717,0.15810778118584048
718,0.015461292664924735
719,0.8039634603046515
720,0.9779042499359678
721,0.0028723647004564277
722,0.41867273333852584
723,0.09421829548798318
724,0.004861928714192344
725,0.011663612313049503
726,0.3206379876432057
727,0.07026715428884164
728,0.7417629462118306
729,0.9610225244304587
730,0.22249624138547727
731,0.8947832083740246
732,0.006397894232086184
733,0.037760233738360904
734,0.00411934647106456
735,0.8978999589551108
736,0.011450287246162967
737,0.13933763566900095
738,0.7473168148558074
739,0.016337730830262277
740,0.07448421902679121
741,0.016282162367724548
742,0.07672235151873256
743,0.006355627786435118
744,0.09264571167298759
745,0.014866026707895627
746,0.6656669828774023
747,0.11801535513967952
748,0.9709049096882758
749,0.02874869801972991
750,0.32976095174735315
751,0.12949395822612303
752,0.03683755163616741
753,0.024455011926286803
754,0.02199149289921372
755,0.01827812480039821
756,0.498452458752306
757,0.26814648225701126
758,0.09680057750063861
759,0.14398213769642015
760,0.22248484826457368
761,0.011183403929788683
762,0.742200872312745
763,0.08161894034874297
764,0.5525456966130701
765,0.024276268202268206
766,0.3554543699344324
767,0.01570526033487846
768,0.0037442894299216144
769,0.0033313393777143273
770,0.00406559389728512
771,0.03550198281963745
772,0.20694260919572316
773,0.1864441043757159
774,0.9693096833732782
775,0.030146889650561018
776,0.2355488027587677
777,0.034072279274726634
778,0.11086063122853176
779,0.8494934267270575
780,0.014812741835714384
781,0.009652116777698928
782,0.11509551352039928
783,0.4127687591865916
784,0.9172837171485779
785,0.1554654107679545
786,0.009268779126264412
787,0.0059824355971830065
788,0.41956839141805774
789,0.8901326048456983
790,0.03514497627612749
791,0.020208610820418204
792,0.0022442331046704546
793,0.00657522487879394
794,0.89325612095649
795,0.04171606169510301
796,0.36926626658856637
797,0.04730057146987575
798,0.022260946222960442
799,0.05603178916594123
800,0.8066408838508401
801,0.0013306816181121888
802,0.20742708562997517
803,0.20746374260854109
804,0.6924193148342261
805,0.0019219115362283672
806,0.005133823933587493
807,0.9930750087573479
808,0.00256129464692733
809,0.057330811670999224
810,0.6189676746777083
811,0.7955102575150094
812,0.7135499852885925
813,0.2435326381569307
814,0.15271439035672307
815,0.0066177387685280855
816,0.010580481893733767
817,0.0025376528346768125
818,0.0455516775419578
819,0.3683191873115305
820,0.0010901970349980511
821,0.08554086947890936
822,0.005546294537422275
823,0.008405481596528458
824,0.4200517128004862
825,0.0980144266813261
826,0.009649871223581758
827,0.013538504137872413
828,0.007016749047341463
829,0.870411561280606
830,0.10353611604911375
831,0.02949306616541028
832,0.016050458115961615
833,0.007111409564972451
834,0.3391571091249119
835,0.0010968109812643598
836,0.3024226756056942
837,0.001352805977051649
838,0.24582864337391278
839,0.02294969188518551
840,0.1191337858556315
841,0.012297807956524952
842,0.3608595886000775
843,0.32181789140488853
844,0.0030962726115349665
845,0.704307195842716
846,0.5145241400423943
847,0.6824794919803335
848,0.06667158617153936
849,0.7506994483878549
850,0.04532683124178694
851,0.09856093903505174
852,0.032100043645853685
853,0.00026228590335824505
854,0.2796034892046232
855,0.0024291860986429717
856,0.043891633008083526
857,0.11881645664013361
858,0.733645746561401
859,0.003270682042594338
860,0.0538416025948201
861,0.0021087843650817568
862,0.04232704782586463
863,0.06952805533530411
864,0.044972603323685134
865,0.002650524368232284
866,0.8485463637917668
867,0.0270117168097057
868,0.14643064358705624
869,0.02005094809011389
870,0.265820390888327
871,0.8913818215397231
872,0.19234094946922656
873,0.024939835970785054
874,0.00621524709239912
875,0.11684985402413622
876,0.03227710459662474
877,0.7179238405328914
878,0.9780157872389214
879,0.08609102025715897
880,0.053179832856794625
881,0.02543570390061926
882,0.8995695595919941
883,0.03945506898536371
884,0.8423070069197157
885,0.19944116934637796
886,0.019832571653490734
887,0.015732233753863772
888,0.013484857302842698
889,0.04311381511747202
890,0.0019150166571698136
891,0.039811897305247874
892,0.001106825195595265
893,0.5057567243391345
894,0.0026701777242695655
895,0.7892061276402086
896,0.03480161294508922
897,0.009741216720108631
898,0.006688359942982498
899,0.006064848112347697
900,0.20578098753471766
901,0.0026872589774128504
902,0.04673740601562997
903,0.020690712020683465
904,0.014357381900557563
905,0.11672123867907798
906,0.003134840097121554
907,0.13709156021411661
908,0.029306688237835093
909,0.010249743224653008
910,0.2054425879116449
911,0.004114135028854945
912,0.008780101357686474
913,0.003350422672077072
914,0.01260146265923577
915,0.49919041033993977
916,0.05000866627372492
917,0.07626776753686704
918,0.04174573800152643
919,0.013939886075952786
920,0.1249847726261051
921,0.02182444679108313
922,0.007681217897032368
923,0.8002464643434232
924,0.046683624403295064
925,0.021995664895942242
926,0.05050387313150011
927,0.1349368110730687
928,0.24772162451779173
929,0.009648344261145329
930,0.17484153827314602
931,0.3344516109156128
932,0.6898017310515081
933,0.3850458880474975
934,0.0698341905917145
935,0.010342446304083862
936,0.2517243603742545
937,0.02076308300536057
938,0.0025327517304301324
939,0.9424215221105916
940,0.03908652626370909
941,0.12644131263322375
942,0.3187973762216754
943,0.03528558153429195
944,0.055822463736535495
945,0.1178574539434177
946,0.05042373394545843
947,0.9653295627714105
948,0.7712834824004001
949,0.09139670883834626
950,0.016988593054121454
951,0.5593369144693129
952,0.25243509056113167
953,0.28870361779154585
954,0.014424487527090921
955,0.07785973985407134
956,0.17768168666071102
957,0.01577793684290536
958,0.017235641370687393
959,0.015153512834340447
960,0.29130270505299477
961,0.0250865648202623
962,0.7687914780023432
963,0.003489059757583415
964,0.005318108331852712
965,0.01613171093292684
966,0.034156210113249465
967,0.7086599346093346
968,0.010468880118833682
969,0.08455728716429196
970,0.0035266019794120648
971,0.008580665879322151
972,0.08312089375423451
973,0.008012398475736428
974,0.4026383036648447
975,0.20742553662320723
976,0.3110066058528366
977,0.004661893832245368
978,0.6216875193845245
979,0.007598174258829886
980,0.0007217046557078362
981,0.04136811752214228
982,0.049100251699715325
983,0.037375540777368974
984,0.015403735343079445
985,0.09851685430012952
986,0.012960477850224129
987,0.0016326942407239166
988,0.016694466377924884
989,0.9813131907284628
990,0.03395884412386924
991,0.1240175260453103
992,0.002990970705928677
993,0.3022762816080621
994,0.006146737912235143
995,0.10743146565446339
996,0.03884094947544076
997,0.029261934745250334
998,0.9082001077582774
999,0.03579388425163459
1000,0.018521147817456233
1001,0.014787554633024627
1002,0.038493972908388914
1003,0.9609511468916474
1004,0.25515697425103184
1005,0.5346022205933784
1006,0.00678632668733331
1007,0.03346171058779216
1008,0.48138113029279556
1009,0.1067562476479221
1010,0.010912444902189053
1011,0.9429900432139757
1012,0.10752370365929144
1013,0.957799402014078
1014,0.0006456808558487428
1015,0.006892663238268374
1016,0.11955117181451957
1017,0.16885623421929316
1018,0.0063883928032652535
1019,0.21920391942909004
1020,0.46896589022131047
1021,0.28246654687820744
1022,0.004307375619800782
1023,0.15923473430664842
1024,0.6331124867202381
1025,0.08412183792401133
1026,0.5523600017302503
1027,0.02795509813138473
1028,0.22707223337033358
1029,0.038057696367209196
1030,0.005232423547036708
1031,0.006860576583265425
1032,0.008566212086415873
1033,0.30937542571582183
1034,0.8618922879166877
1035,0.16443373665739777
1036,0.24433799802587988
1037,0.23302453955380084
1038,0.005133138520814975
1039,0.11284338482935227
1040,0.035804604989877156
1041,0.07024086312378715
1042,0.7524689448948643
1043,0.07093825019179868
1044,0.23670149205953625
1045,0.1779993096230079
1046,0.0310940923710826
1047,0.0035178212403159685
1048,0.0712130315308618
1049,0.1956015479781177
1050,0.9766966244313141
1051,0.01703360160514407
1052,0.9577514436072374
1053,0.08859031162822084
1054,0.052672586415394164
1055,0.5733234341568032
1056,0.32414391453158065
1057,0.156296424056005
1058,0.46530235565295147
1059,0.03518271276861329
1060,0.04742170421589345
1061,0.8933989442154269
1062,0.03995810168353014
1063,0.1713417189318526
1064,0.009722703346219256
1065,0.07831944402960585
1066,0.01029496736030673
1067,0.9835979421364959
1068,0.003886492229382393
1069,0.031011009839574645
1070,0.013716259067413306
1071,0.015144849682090622
1072,0.0015703491010246764
1073,0.0020082871857056693
1074,0.0074219400326577525
1075,0.08795202398710383
1076,0.005154644134288296
1077,0.1368795176789476
1078,0.36586663766208793
1079,0.05770745658448403
1080,0.13952414781787564
1081,0.0724733165664219
1082,0.006829906322777888
1083,0.6633813410676039
1084,0.0735867346206969
1085,0.38713664745339826
1086,0.2629179585236028
1087,0.012568699083645064
1088,0.006372601079487243
1089,0.007301543559928957
1090,0.730560605051288
1091,0.07674926382986028
1092,0.11549689393923546
1093,0.02869244439149245
1094,0.10487047185109728
1095,0.006458557545106975
1096,0.6315912548322051
1097,0.6152099500388719
1098,0.02427675878915865
1099,0.007673759241896844
1100,0.37406449569439276
1101,0.023838155374465226
1102,0.06307158450420285
1103,0.023446787659930777
1104,0.08280738081875465
1105,0.6353177738917177
1106,0.01766544753205377
1107,0.010248720975158106
1108,0.6286972649395323
1109,0.6542139136504825
1110,0.9379548849825126
1111,0.13360449979493946
1112,0.08092541176777149
1113,0.011228220164554308
1114,0.11414301056259327
1115,0.02108637802702041
1116,0.016689559953389617
1117,0.025369382159085765
1118,0.08080090581891924
1119,0.003734061978411828
1120,0.006133369665265815
1121,0.007940848670472329
1122,0.006556521310577982
1123,0.022511256771249176
1124,0.25121020828373847
1125,0.01963816265112793
1126,0.45498719826039463
1127,0.009604750431090587
1128,0.00925247608056199
1129,0.5361446239186175
1130,0.04937533748751299
1131,0.001412424950396045
1132,0.978194004758888
1133,0.010791544111685389
1134,0.03494533650369023
1135,0.01230378451362226
1136,0.01765874158628372
1137,0.7903317008712019
1138,0.014872123836917576
1139,0.9058332377712496
1140,0.002727707839700721
1141,0.2898374144831479
1142,0.005187400811300867
1143,0.7853262234398851
1144,0.642925424188878
1145,0.004697555071735365
1146,0.0042950486659932745
1147,0.01601646057497848
1148,0.026520184352623842
1149,0.3248264838601778
1150,0.015586578586962373
1151,0.027244471446157128
1152,0.6225308829185949
1153,0.041200622639142336
1154,0.02508386172549649
1155,0.017989892089391876
1156,0.20080468458885628
1157,0.07554250233351371
1158,0.7652163526115824
1159,0.0014242092681697222
1160,0.001413262867982085
1161,0.005469274154971964
1162,0.003643028128656999
1163,0.22480428793907448
1164,0.059668474154230274
1165,0.01672295817156225
1166,0.23339903813829582
1167,0.015828830238385334
1168,0.011784464777140895
1169,0.08045804977748121
1170,0.026121605600407636
1171,0.5138867533683057
1172,0.0036317885840137162
1173,0.02490131278319446
1174,0.1649383550635254
1175,0.20274490094794076
1176,0.1152822692759406
1177,0.46237441786527755
1178,0.008639382423013806
1179,0.006677092510204354
1180,0.006458676908045114
1181,0.0017956318098924196
1182,0.03633860718034454
1183,0.1482684723668192
1184,0.018772669808306282
1185,0.042867107769593946
1186,0.0057860170357102395
1187,0.21463834180542748
1188,0.11260411938375822
1189,0.5132693722499846
1190,0.17185604859950157
1191,0.005741813715099447
1192,0.21278279416526172
1193,0.005474086772404092
1194,0.024826692626243606
1195,0.013861323801976324
1196,0.031244025728422595
1197,0.013792761319326153
1198,0.006614895785120461
1199,0.1167000917904041
1200,0.012972456169538365
1201,0.02419742301597202
1202,0.15089809373788662
1203,0.056981880943282055
1204,0.055243520378487905
1205,0.05392210344241614
1206,0.08046453658852941
1207,0.0183292295631131
1208,0.03364744312384068
1209,0.0024371109245820716
1210,0.036315847921468726
1211,0.8870493913372843
1212,0.16309406564980058
1213,0.6699625054561399
1214,0.010842790183076054
1215,0.0041331985651867935
1216,0.2954425471481511
1217,0.7771722810235755
1218,0.07669250565896349
1219,0.14542142037903016
1220,0.010686659646169818
1221,0.9032251571672928
1222,0.014847172394928623
1223,0.004428776916467755
1224,0.012810342244292812
1225,0.6609145021630115
1226,0.008245000756610728
1227,0.689130472760386
1228,0.06299478654650284
1229,0.1403255130937426
1230,0.0036980521540545394
1231,0.7887085478456444
1232,0.9451087433527536
1233,0.037740444477496686
1234,0.11006160649655031
1235,0.020017841613692418
1236,0.22888230292701092
1237,0.40090509748204767
1238,0.0906069564025476
1239,0.013975071862001484
1240,0.05736897449506624
1241,0.004436731208042987
1242,0.06032884975000565
1243,0.11886014734075433
1244,0.003274606892503356
1245,0.002248374216519402
1246,0.34332303112081697
1247,0.030393097543151466
1248,0.02822373939661175
1249,0.19684858245981926
1250,0.021527878976033334
1251,0.02011946454578328
1252,0.3139327118825106
1253,0.947507845053029
1254,0.053231129225521395
1255,0.48832999189699816
1256,0.01364606968458459
1257,0.8639758108538692
1258,0.3610518331796217
1259,0.0069188880735203935
1260,0.025746471733522954
1261,0.018527816842155685
1262,0.852855884894026
1263,0.2412852052088052
1264,0.024935231741711104
1265,0.9112200826134538
1266,0.002844829291687003
1267,0.08643535583614156
1268,0.007390396008313533
1269,0.13351554859943668
1270,0.09075872666958826
1271,0.008324180989876898
1272,0.004396344564258546
1273,0.0671739207607675
1274,0.03377669252989207
1275,0.28769050790707273
1276,0.00873603378810715
1277,0.768694137941733
1278,0.025216746893433922
1279,0.06703040456435301
1280,0.06990126696227664
1281,0.5184120978064236
1282,0.0034343306884222742
1283,0.011441108707879497
1284,0.6043076634066527
1285,0.8667352742357817
1286,0.011332716590255951
1287,0.23428366249737131
1288,0.15355142900182267
1289,0.01397046485086902
1290,0.4365009770072489
1291,0.035067226970051955
1292,0.07247973754528018
1293,0.011390512156702682
1294,0.06747282778717999
1295,0.04397685478770087
1296,0.09440923518621931
1297,0.0006229387369012791
1298,0.067564279882111
1299,0.003114995316113505
1300,0.42347108645810905
1301,0.050814709165101245
1302,0.0028583963556050467
1303,0.7159814430150645
1304,0.01283556135452269
1305,0.01814300343983349
1306,0.6113326569804963
1307,0.019306692025010903
1308,0.009251572284210436
1309,0.04838328384863057
1310,0.2696248831704085
1311,0.026369603313388848
1312,0.002656980445256852
1313,0.044550896878862226
1314,0.05871219841409799
1315,0.025977811298121562
1316,0.13030196193932428
1317,0.0382933160489513
1318,0.7673435660786835
1319,0.0013834736950956866
1320,0.40611600381174146
1321,0.00327639358908243
1322,0.04881148910386195
1323,0.05777354480955353
1324,0.19073635529462946
1325,0.01287882733024222
1326,0.009524885637112972
1327,0.03547135538379855
1328,0.5501948250491392
1329,0.9797930447409666
1330,0.004623515499725349
1331,0.10082907625033069
1332,0.04738811743166496
1333,0.41843195924869947
1334,0.05782396751360499
1335,0.2986420279352188
1336,0.026586203406601405
1337,0.03609975894588441
1338,0.017690395513010257
1339,0.5283582921023651
1340,0.014921928084355371
1341,0.13771416293517239
1342,0.10396831276591541
1343,0.8621893602997657
1344,0.32327549684472107
1345,0.07778901407444723
1346,0.8962458054612275
1347,0.04130456176740052
1348,0.5007718625455851
1349,0.031008290600598856
1350,0.3957843202074514
1351,0.6598735606293392
1352,0.022163635948726015
1353,0.039602131194488084
1354,0.18477468728371318
1355,0.022022981788629627
1356,0.25834390757892656
1357,0.0022358557623084127
1358,0.037092746433787294
1359,0.2167827785797169
1360,0.029901656617125405
1361,0.22316963291077901
1362,0.3982710364479523
1363,0.010903044245415095
1364,0.8944907493507154
1365,0.705651825173943
1366,0.17096339491417215
1367,0.5327102591965666
1368,0.61494156408692
1369,0.0034479960866990672
1370,0.006776308413001557
1371,0.5318217143692274
1372,0.5190752512464888
1373,0.8243292422426205
1374,0.0066747598635570095
1375,0.2592689930523956
1376,0.2720665293239459
1377,0.15851353466024
1378,0.00021111138544985069
1379,0.166954905181181
1380,0.0038778784071855444
1381,0.009175174387729341
1382,0.008628507210619044
1383,0.07349590988741184
1384,0.00616250517774
1385,0.009092944833281102
1386,0.013575956383393803
1387,0.011026086916058265
1388,0.028803818993708423
1389,0.18241754011920333
1390,0.1284509562890907
1391,0.013678829949217715
1392,0.07574344616445078
1393,0.10941176108483683
1394,0.07259399130664718
1395,0.5809470131476221
1396,0.7475302631769932
1397,0.40371357074529013
1398,0.17401296914699677
1399,0.14207843860956518
1400,0.20439946231608055
1401,0.595634400771407
1402,0.13708575318805935
1403,0.23857844229084113
1404,0.2929402222380971
1405,0.00034651163182948167
1406,0.007879712788845365
1407,0.015943117341653427
1408,0.6451062449361575
1409,0.005035837912274359
1410,0.008557864710967329
1411,0.2835243214941354
1412,0.08193645293181946
1413,0.013386053410927119
1414,0.0014575493233251664
1415,0.04750252701887305
1416,0.010180725188861517
1417,0.011880656352342938
1418,0.006760517021562496
1419,0.13893547114785357
1420,0.003933402620841212
1421,0.2551836837542001
1422,0.07389602111813068
1423,0.3203644891444647
1424,0.010316747415665267
1425,0.5529935249388064
1426,0.07737547291616584
1427,0.007918474959760502
1428,0.7782394582007264
1429,0.058024257953894307
1430,0.03959076772803953
1431,0.03432799960017993
1432,0.10216760494164624
1433,0.025667116071964632
1434,0.0027033009305516475
1435,0.26444992480816426
1436,0.15553019567325221
1437,0.005917045367000645
1438,0.04770540230611625
1439,0.8646713973045519
1440,0.06845043458481712
1441,0.14875937473753753
1442,0.031209432619087048
1443,0.18729260272996268
1444,0.07408791673420562
1445,0.29042346795684665
1446,0.23745102051596118
1447,0.6288709326993029
1448,0.0025699859207919157
1449,0.022876529067496047
1450,0.45610116585827715
1451,0.9022799266613583
1452,0.051368091139208406
1453,0.01720213424559749
1454,0.5679417907944049
1455,0.24662732756637934
1456,0.28831615437384106
1457,0.026459017414121516
1458,0.8224466381840084
1459,0.03815629745519456
1460,0.004472581602139596
1461,0.09298542413595422
1462,0.668504243918429
1463,0.013591705333126128
1464,0.967565575057763
1465,0.046501319481096474
1466,0.013377424797319612
1467,0.22863028973361826
1468,0.006193522705888941
1469,0.7134963342384992
1470,0.03281625880119846
1471,0.025158539838618453
1472,0.005454302456209535
1473,0.10092889102041411
1474,0.0042816714619637024
1475,0.0010787443128316674
1476,0.20103912940169588
1477,0.10770590607689473
1478,0.07384782814019987
1479,0.02554644722133221
1480,0.08690487304144541
1481,0.9723031825018355
1482,0.016054154103576912
1483,0.02732136483591472
1484,0.4236835835223014
1485,0.05834479472681767
1486,0.05236749324762871
1487,0.0004237863261122742
1488,0.21799899411562162
1489,0.020547735435777103
1490,0.05385271191710593
1491,0.8506914705748897
1492,0.023844763140326432
1493,0.056494327987837135
1494,0.00716681806853148
1495,0.005648082018865805
1496,0.4167693376821947
1497,0.10838301165771114
1498,0.19316785656916702
1499,0.05074132907095304
1500,0.6984131229247833
1501,0.01796528996640146
1502,0.13423824993430125
1503,0.0026825331978381412
1504,0.009027615739719975
1505,0.0019282998792354066
1506,0.03139796246403326
1507,0.029012227986584396
1508,0.07209566216515197
1509,0.04407092048807858
1510,0.5899817622632896
1511,0.003684805793231613
1512,0.12043982718515235
1513,0.017596147320149903
1514,0.9409928461190012
1515,0.17493981687452384
1516,0.491749855734327
1517,0.0015466162937816097
1518,0.10818687413613412
1519,0.005501418155047589
1520,0.26843858091887507
1521,0.1022393230528892
1522,0.015202349979618486
1523,0.00903486018135909
1524,0.6433459708789867
1525,0.031645468539692516
1526,0.13464814609132092
1527,0.3535050178674431
1528,0.6037447483917783
1529,0.014370026759065225
1530,0.28407687348422567
1531,0.08029634261404743
1532,0.004753064211536694
1533,0.039244331480894956
1534,0.002141696713959381
1535,0.13724387922600959
1536,0.1993183682995829
1537,0.8244923269044445
1538,0.055698921153559455
1539,0.0043180974973128635
1540,0.9290885935933569
1541,0.00524933767007749
1542,0.021363139406135923
1543,0.06475701784538447
1544,0.011738395279051935
1545,0.03363102065141094
1546,0.010045738728581447
1547,0.13965883114908678
1548,0.13065025183568973
1549,0.017788336946541593
1550,0.2797715948173001
1551,0.011056864172816427
1552,0.0022231276634394476
1553,0.3640860289197904
1554,0.20064709856556737
1555,0.5556228577851672
1556,0.020851523944914296
1557,0.07993598255038584
1558,0.011791055065875824
1559,0.006099008225152496
1560,0.4474109286117364
1561,0.13149748827389343
1562,0.47930380062543515
1563,0.4817217541118573
1564,0.00430664454663497
1565,0.10991456320124034
1566,0.9192575733384817
1567,0.016760114794191823
1568,0.052071900144724514
1569,0.6587296507964615
1570,0.002964688071388145
1571,0.15866599652228805
1572,0.15572549451993062
1573,0.13463932125300468
1574,0.03566623848800803
1575,0.00902457471462883
1576,0.4013042959436396
1577,0.0059205844234987565
1578,0.3967052229240858
1579,0.36195621003989514
1580,0.03790440143876174
1581,0.0026980700414383383
1582,0.03312958566289708
1583,0.2228374802400394
1584,0.5766043027325379
1585,0.5594335381766796
1586,0.17256196332007712
1587,0.45851249689808676
1588,0.7215210782260366
1589,0.013489536684827044
1590,0.0029422039475004145
1591,0.04430725808810621
1592,0.007085477295522916
1593,0.039026680402645314
1594,0.5870366565829058
1595,0.37726118396806374
1596,0.1344737392584317
1597,0.009176173137056173
1598,0.008400035655525492
1599,0.1390793982146528
1600,0.0018568843578184292
1601,0.015010850387605364
1602,0.010090595125392815
1603,0.4998987516553969
1604,0.35693455916149514
1605,0.008992356983387096
1606,0.008212017090545351
1607,0.0064455635547033254
1608,0.012447469682057996
1609,0.011155622588547319
1610,0.30039019177272214
1611,0.07557154353369831
1612,0.021617484772150076
1613,0.763526769299545
1614,0.20085767512245767
1615,0.1918321527085718
1616,0.022488787747172216
1617,0.11776908947395359
1618,0.11110787065008504
1619,0.0016446378728997139
1620,0.0036783097766904705
1621,0.14366841324033278
1622,0.003108028821180502
1623,0.25126294096880514
1624,0.9121133767943485
1625,0.005201887020487886
1626,0.0899762327395683
1627,0.06243272875080395
1628,0.007117923561936414
1629,0.006150759325635464
1630,0.07793403177972318
1631,0.07138865372903251
1632,0.0013837466204471192
1633,0.07668660687004146
1634,0.01695605195517136
1635,0.006236280507402406
1636,0.005730071547841713
1637,0.7676113319623465
1638,0.005162819303940625
1639,0.2097458993489705
1640,0.004980163634799037
1641,0.05444096560460646
1642,0.06167495939216271
1643,0.008517446816115265
1644,0.03719252818101805
1645,0.13214633341687354
1646,0.11954258675702714
1647,0.6201927380667301
1648,0.9308889409058728
1649,0.3656763159213163
1650,0.41848611729888335
1651,0.011499656944836519
1652,0.10098164160076019
1653,0.006852430214520537
1654,0.16342014693737825
1655,0.10037339465934796
1656,0.47329255965622774
1657,0.504333723463237
1658,0.02944885435056673
1659,0.004553236384984962
1660,0.0014402988385982035
1661,0.8706327081957297
1662,0.25809160626013294
1663,0.02289550531049076
1664,0.005560578892432848
1665,0.075962931003454
1666,0.09174376625022067
1667,0.11070742281525153
1668,0.053069417086041536
1669,0.01877498949342776
1670,0.10687052520042786
1671,0.08272601483894416
1672,0.6812601446218534
1673,0.02092351651720299
1674,0.23303494259960944
1675,0.3871694995803793
1676,0.9181871957368042
1677,0.0802842825703492
1678,0.10878353486758452
1679,0.9658620278964983
1680,0.007691319063002542
1681,0.17997454337665478
1682,0.38032874148834217
1683,0.05850583754352968
1684,0.9656300263592327
1685,0.0065763348669579174
1686,0.02512657371328845
1687,0.07972599747931183
1688,0.07954997603808583
1689,0.010257872272611025
1690,0.0033937330372683845
1691,0.05154818415372704
1692,0.008801415993935009
1693,0.16656603014085755
1694,0.07062113605223236
1695,0.026449210431178472
1696,0.002184244912989155
1697,0.021291221872080615
1698,0.016047462714598195
1699,0.0037121140987831473
1700,0.10023085969407772
1701,0.16406168283923997
1702,0.17801239804163427
1703,0.002143737547846761
1704,0.12277048634018999
1705,0.19996957685037525
1706,0.8685023880612414
1707,0.3670587455492064
1708,0.7315420012285705
1709,0.0923641212760525
1710,0.004304824046693147
1711,0.06686494090887407
1712,0.05276702499079363
1713,0.06135012443488246
1714,0.5999116853123756
1715,0.008295159861677524
1716,0.013110176693637355
1717,0.0010878462144522203
1718,0.746945407542157
1719,0.026400876308288624
1720,0.005006125684992499
1721,0.006641907281057374
1722,0.08554034440833247
1723,0.37785096834495424
1724,0.495665470656971
1725,0.414980165953401
1726,0.003892273699926601
1727,0.17357425359227793
1728,0.004235059156965204
1729,0.0018154205059798978
1730,0.002483630476887245
1731,0.0073249931484101645
1732,0.004441380659787402
1733,0.009624561366451507
1734,0.22146211569802388
1735,0.33648872832842586
1736,0.007199049476868948
1737,0.5850314490052385
1738,0.3442504123748776
1739,0.003683520798196005
1740,0.001129774018520193
1741,0.15042711200639655
1742,0.48903720743908924
1743,0.26845596347045897
1744,0.05714539385792731
1745,0.7648188139770431
1746,0.01892604291028748
1747,0.08959780200347794
1748,0.007714362724859181
1749,0.8305896930429525
1750,0.8612799316406018
1751,0.005743129361262564
1752,0.012145520960093567
1753,0.06453418890633059
1754,0.012775024638880224
1755,0.6855464448240374
1756,0.014243839005017776
1757,0.7035924091519574
1758,0.3601404034554935
1759,0.0017919018676797514
1760,0.007622473788420516
1761,0.6572557882318213
1762,0.009075038007968956
1763,0.07824329627426996
1764,0.03737554359996538
1765,0.0030803089354278176
1766,0.7617959333694984
1767,0.9577565161441816
1768,0.04824095776284329
1769,0.019150060040760756
1770,0.0034874811715011507
1771,0.009576213004938761
1772,0.18032085188312574
1773,0.3128456094420209
1774,0.4158007328748748
1775,0.6195607109611786
1776,0.02816938750388966
1777,0.01578084350910814
1778,0.017501152820740763
1779,0.042564192631347315
1780,0.011228537318880032
1781,0.001232144955717963
1782,0.007375680415443935
1783,0.065180023963871
1784,0.012822306189469146
1785,0.7886721382666037
1786,0.19109369106075189
1787,0.07006743061567779
1788,0.000643081247198798
1789,0.31240096305521936
1790,0.03548714670720188
1791,0.13136293512806752
1792,0.159539623247526
1793,0.026012535335956773
1794,0.7361883439426551
1795,0.010599863400015895
1796,0.06358016345437398
1797,0.31324721605897576
1798,0.003994456941862647
1799,0.00608644976956678
1800,0.008031359071886223
1801,0.03387271141861859
1802,0.028091103950292753
1803,0.7883580515060209
1804,0.04499542849750134
1805,0.008891134875276143
1806,0.18546899198551456
1807,0.1512493953737215
1808,0.43767003167018914
1809,0.0394764906160704
1810,0.007132218233455213
1811,0.08423997321480106
1812,0.45505882532050185
1813,0.005495746404481073
1814,0.01797821969321979
1815,0.009755445954072703
1816,0.5569052110753053
1817,0.1187830295550799
1818,0.09626555491302728
1819,0.1504661115381795
1820,0.08400573074260166
1821,0.03042454223408081
1822,0.17637689354281685
1823,0.05104606985987553
1824,0.1500125183394559
1825,0.9761337927860599
1826,0.3803294887885889
1827,0.8725669312895435
1828,0.39317898458831674
1829,0.14371797965867503
1830,0.007936991259563585
1831,0.0019411147335284934
1832,0.7925706427970431
1833,0.14672047412542277
1834,0.0012513415846788281
1835,0.10161042036601395
1836,0.0028291510069732117
1837,0.053843769268701866
1838,0.8878790101661332
1839,0.043737273950225496
1840,0.00041484465728523393
1841,0.01790856617538775
1842,0.7193843774233375
1843,0.05170178182825178
1844,0.02808979159753976
1845,0.10909209457531661
1846,0.09727562895747022
1847,0.8799890995571649
1848,0.9594813606083836
1849,0.007172187224117349
1850,0.37928406012681243
1851,0.01066096119427258
1852,0.007516152198403216
1853,0.007889742844172591
1854,0.035307001670824095
1855,0.12485089299008414
1856,0.2588569296642443
1857,0.17189129959934707
1858,0.013914808475328205
1859,0.008816877704578658
1860,0.16210809340210675
1861,0.04537259286101444
1862,0.0037029008094702372
1863,0.08078608834036774
1864,0.016241070483703535
1865,0.03943284453680115
1866,0.7983548495897895
1867,0.012184764098184088
1868,0.8685231470288056
1869,0.1089928227834828
1870,0.4292439714814932
1871,0.002712604857224765
1872,0.014466099326631478
1873,0.24906736539198243
1874,0.056536332763983746
1875,0.0077204221960564265
1876,0.0037968054081393304
1877,0.0013423144304601244
1878,0.08666405525305292
1879,0.010542197469899723
1880,0.026799949826030414
1881,0.009495953355008078
1882,0.020849325848141108
1883,0.00116531371133636
1884,0.4274218047500316
1885,0.0283688477295481
1886,0.4195729928699032
1887,0.09082322283468615
1888,0.010532536155265835
1889,0.10926941841857697
1890,0.14416800660156728
1891,0.2803225997428864
1892,0.08742494628658092
1893,0.002671699838373348
1894,0.2676239526564625
1895,0.15197739874550711
1896,0.019191549434243855
1897,0.002333273177395486
1898,0.6242593850125893
1899,0.9985943146967665
1900,0.2585184766923509
1901,0.08353228518754519
1902,0.6748547894055836
1903,0.7105734883911963
1904,0.31198307572735384
1905,0.24378650855814066
1906,0.8692811032750266
1907,0.3090663596337197
1908,0.09969333025958915
1909,0.9672992646529239
1910,0.8400254036430739
1911,0.1299094124069909
1912,0.004800375427768248
1913,0.0031662837556233683
1914,0.002295594491708229
1915,0.0053853016271351115
1916,0.011224697153430765
1917,0.01727826908367485
1918,0.26144969155306497
1919,0.3323366667083699
1920,0.025460478651453962
1921,0.04990025423416026
1922,0.0010434761623281821
1923,0.01961461056621117
1924,0.030244163479738694
1925,0.05028520485911586
1926,0.026977292481691055
1927,0.02670601816732309
1928,0.010085399623383074
1929,0.014041739844822553
1930,0.9605994136153967
1931,0.04949551518251407
1932,0.10659522933633694
1933,0.028899106347058882
1934,0.18378558707048395
1935,0.8539460210303598
1936,0.0021657661539230912
1937,0.19746283247073584
1938,0.032215063074892226
1939,0.1561341612540462
1940,0.011936861130722289
1941,0.6714118009031865
1942,0.0046755195469754835
1943,0.018530200929708005
1944,0.04071569394387947
1945,0.05536075499804195
1946,0.1498205474354091
1947,0.9005521137265555
1948,0.09961853098019842
1949,0.12365960522919574
1950,0.0022002269586268277
1951,0.16510534777256664
1952,0.008511292277656549
1953,0.1972608321350205
1954,0.001175043141204671
1955,0.022258688474283448
1956,0.2769018212491973
1957,0.6800936282598453
1958,0.00256327417728037
1959,0.006907280663899568
1960,0.5426692637391557
1961,0.0018841209808605533
1962,0.9085228516206765
1963,0.22978086117312163
1964,0.2155019102825462
1965,0.0004859622289315787
1966,0.18046683129691546
1967,0.019535331337997588
1968,0.04324038975700431
1969,0.0046660457510392895
1970,0.0112934723360574
1971,0.021852159654921398
1972,0.14045017036885277
1973,0.059707214845834244
1974,0.008368328952356787
1975,0.011282096456034351
1976,0.0035174394602625375
1977,0.8047276666251366
1978,0.004294349154973049
1979,0.0006299441589908061
1980,0.0048568129192110825
1981,0.2211034884306365
1982,0.6235492621396993
1983,0.3129614359903492
1984,0.15833453596380717
1985,0.004502425359688101
1986,0.007938320325220677
1987,0.005443188294297095
1988,0.996157150672155
1989,0.005894815623405437
1990,0.13599150717511788
1991,0.022418256228633474
1992,0.005673714886736012
1993,0.11142883181101028
1994,0.12945730500432104
1995,0.9439722726819092
1996,0.46875033922228715
1997,0.9418653314474269
1998,0.003241365626780368
1999,0.0778996039060357
2000,0.047285806130920906
2001,0.020330878130346144
2002,0.0036781160655604355
2003,0.5252208637582495
2004,0.5350024287127906
2005,0.17211866208284024
2006,0.032742489825135786
2007,0.09126569829058753
2008,0.05775579268259013
2009,0.006162844385826226
2010,0.14020864671185795
2011,0.8428132739507026
2012,0.2735586058418585
2013,0.004267596953935406
2014,0.4243525641970645
2015,0.005279578410120415
2016,0.8743069966053244
2017,0.9984646669059717
2018,0.011936673871186895
2019,0.7368742202865572
2020,0.796019210721484
2021,0.8257816584714315
2022,0.1667579301060433
2023,0.2700386038834994
2024,0.005569329871278855
2025,0.01635069641751784
2026,0.035456536180925945
2027,0.0015643961461947445
2028,0.9341181906144113
2029,0.06481661375521233
2030,0.15017978756723682
2031,0.486773520494268
2032,0.024759611854352683
2033,0.018075425492541142
2034,0.0031279755804739743
2035,0.022290774630004232
2036,0.5583648902980415
2037,0.44427038367615196
2038,0.2941739111477882
2039,0.00443452177458699
2040,0.2890245556055604
2041,0.008073902858533835
2042,0.028601599982019662
2043,0.007532951222785472
2044,0.6023591028030097
2045,0.08476357504137902
2046,0.2552198866220401
2047,0.002939746433884351
2048,0.007902122153196694
2049,0.1001803547472678
2050,0.7535770817380912
2051,0.012160638815102551
2052,0.015681926028801467
2053,0.09216067470159695
2054,0.37102548994475376
2055,0.02681009228058446
2056,0.07022235113230026
2057,0.06627155115078234
2058,0.17295574598329228
2059,0.09901469249725331
2060,0.008098966232961276
2061,0.501260045404041
2062,0.2935414830121753
2063,0.15576961973310505
2064,0.0826470486192409
2065,0.09491941463763813
2066,0.023632738739671304
2067,0.007341593089779092
2068,0.12147798647788649
2069,0.16713793163571605
2070,0.37632343356100195
2071,0.008951381592000499
2072,0.06527207739407698
2073,0.0035232952889405478
2074,0.42192191010142155
2075,0.04983658904819171
2076,0.007966322538022746
2077,0.10052115422041175
2078,0.13615698856526728
2079,0.01883976951279778
2080,0.15185255988925989
2081,0.011247007753686587
2082,0.8266778291975642
2083,0.0073195022779111675
2084,0.0138776961343678
2085,0.049349526710652986
2086,0.0341868819140407
2087,0.018692249976605915
2088,0.49439056856558156
2089,0.049892066617254864
2090,0.2608409514053111
2091,0.01098984330062082
2092,0.002014919883061103
2093,0.06108432429780272
2094,0.2443104808526145
2095,0.008191005965632638
2096,0.003532119679930903
2097,0.12253443095003262
2098,0.30745553736409825
2099,0.1160994500782954
2100,0.9776167162738061
2101,0.19821290413362833
2102,0.008111495812698889
2103,0.021611450428627676
2104,0.005687658763619948
2105,0.034292900513069074
2106,0.12747789617757002
2107,0.36959833231226197
2108,0.08233290423737713
2109,0.5941714882214068
2110,0.10697255897115408
2111,0.5537174206843364
2112,0.05777128397893273
2113,0.9672411250610339
2114,0.0016990167811475356
2115,0.7456576628956462
2116,0.4974634573760361
2117,0.007573546963032357
2118,0.02355870615016801
2119,0.07481653373249864
2120,0.8970696234155286
2121,0.05154065981790893
2122,0.2272312067387064
2123,0.03361423115726824
2124,0.2246228843295289
2125,0.05072271879852302
2126,0.004990236367355034
2127,0.020368145593177865
2128,0.0015221179880570287
2129,0.05154076644564929
2130,0.01081606585309523
2131,0.08758339365164977
2132,0.3303075764243795
2133,0.8767877052228359
2134,0.8355726390874394
2135,0.348210235145086
2136,0.2507105205515282
2137,0.0017325837624261123
2138,0.06666596419502571
2139,0.008656856787665777
2140,0.006610200973176601
2141,0.4005715575233176
2142,0.7131547930836636
2143,0.06890147463573584
2144,0.530531950101028
2145,0.015344826509898365
2146,0.0026085855653788137
2147,0.0005081316158188889
2148,0.029941838051620193
2149,0.003038875047542531
2150,0.7867481191190949
2151,0.01907987938173396
2152,0.15441620665230954
2153,0.2651233133462446
2154,0.8768595686348548
2155,0.196008845130204
2156,0.007834723669153661
2157,0.4075031894391361
2158,0.01316563825517052
2159,0.44779474668295777
2160,0.002618664369377452
2161,0.054832142500183284
2162,0.03429302767239684
2163,0.02227542579928881
2164,0.21489967834612764
2165,0.7859932107945304
2166,0.0056378767538990855
2167,0.04914313713816041
2168,0.05975575592010286
2169,0.013138041643698794
2170,0.5076939631092559
2171,0.016111302008767276
2172,0.02062841019315692
2173,0.013470358023398894
2174,0.016502041271114265
2175,0.0774973776344008
2176,0.16801074889195936
2177,0.8883823929138223
2178,0.09963630755247857
2179,0.007041852282657033
2180,0.7985569877291432
2181,0.010705334880211817
2182,0.06250625977130689
2183,0.5537067754432179
2184,0.901400574103559
2185,0.4493632380300767
2186,0.2575268070771867
2187,0.28627603921561817
2188,0.00790904542588938
2189,0.03094469823130272
2190,0.09686884819298137
2191,0.00823156923256445
2192,0.010650107883040471
2193,0.5316967891940038
2194,0.004956187088975829
2195,0.6579629332536374
2196,0.02309363082605586
2197,0.19734923484434408
2198,0.9942922182835264
2199,0.8963383506936821
2200,0.23198790271628564
2201,0.02104552100623442
2202,0.0029778440420003996
2203,0.1442869881345578
2204,0.025708021455581473
2205,0.1968826494877963
2206,0.0038135089184522086
2207,0.007706157147432934
2208,0.009310814880916212
2209,0.040509765678914345
2210,0.8588237427388393
2211,0.015481113240491638
2212,0.06404056667586179
2213,0.9882229551512707
2214,0.03191718513645496
2215,0.016578994608859813
2216,0.006766416274851453
2217,0.10364843046186124
2218,0.0024202013750315855
2219,0.274886480022567
2220,0.049363069475548776
2221,0.2638736165187053
2222,0.7857451606345349
2223,0.022280805461164253
2224,0.0022454650172045155
2225,0.008168965134040033
2226,0.16346770028461022
2227,0.24364335190857134
2228,0.8901184987240632
2229,0.5207921168539497
2230,0.01120829558515554
2231,0.006939516139210062
2232,0.01142568401580696
2233,0.0017799078609287756
2234,0.01330275509780802
2235,0.0017284309194283134
2236,0.4331541466001425
2237,0.05606744736349077
2238,0.19683070813090972
2239,0.03212522651368966
2240,0.029204418403343237
2241,0.07775688499822081
2242,0.8311792290283653
2243,0.03888735980368609
2244,0.16622467640557914
2245,0.015861506401136836
2246,0.002018605910790452
2247,0.20281088337118655
2248,0.2597146792577599
2249,0.0033344912041186232
2250,0.003892508061770454
2251,0.7456222716547036
2252,0.0016657906136959934
2253,0.554743615452642
2254,0.23440524234989812
2255,0.016093251945299664
2256,0.7149806208353299
2257,0.011957006063446046
2258,0.049082837875437026
2259,0.9428440206847749
2260,0.12998168405442787
2261,0.016114154591136038
2262,0.547394940224978
2263,0.0005972157453128902
2264,0.9064491833379846
2265,0.13700884626502172
2266,0.013232038288149806
2267,0.5303005064631525
2268,0.3344358896809735
2269,0.005530087718398006
2270,0.4624381303236336
2271,0.062076692399093546
2272,0.038962580729401446
2273,0.2633302999735598
2274,0.5445530962573867
2275,0.5562689003095727
2276,0.00986267138026676
2277,0.05700724001543771
2278,0.009200400188085692
2279,0.4705597020299892
2280,0.08640000565363766
2281,0.005019556748532762
2282,0.022035371643958235
2283,0.004088418233217345
2284,0.3245020172340507
2285,0.014309909703738313
2286,0.12819104326870845
2287,0.5201766612990633
2288,0.9508221798944928
2289,0.0037400203832747563
2290,0.03301723582558274
2291,0.27553668697823475
2292,0.6717103633053834
2293,0.06373748496109552
2294,0.0780172508506504
2295,0.041565483329741665
2296,0.893751108365135
2297,0.020249084792995933
2298,0.010494049186713114
2299,0.02085075983135973
2300,0.26998418049622086
2301,0.021698127947250102
2302,0.14392735126034711
2303,0.005684030328471464
2304,0.0009087175649852981
2305,0.005488752270249753
2306,0.030432998355472786
2307,0.6107328165022942
2308,0.06877403167191606
2309,0.006072458917865736
2310,0.2004095071657102
2311,0.9680908364946988
2312,0.08727705891648706
2313,0.3279539237115702
2314,0.0022029916791499226
2315,0.04750694283414969
2316,0.00734236719506977
2317,0.5497586221992415
2318,0.07838084452421921
2319,0.004909903370051567
2320,0.017106358230162322
2321,0.026591328007528583
2322,0.03675466541306703
2323,0.9682892901581397
2324,0.007728278409049676
2325,0.005556467282067545
2326,0.5318205761156309
2327,0.0034910243187584013
2328,0.7468587080082881
2329,0.609221494274943
2330,0.06720189347463988
2331,0.09673372900867305
2332,0.5148645898085042
2333,0.009020229268859831
2334,0.33874517699791246
2335,0.005806787374632845
2336,0.027464174755370982
2337,0.0023795299895197526
2338,0.003735558400086541
2339,0.013656000360037897
2340,0.03544895254966534
2341,0.9175033653201423
2342,0.12708936015949762
2343,0.0036932509483127572
2344,0.011879058047094656
2345,0.6188960916882718
2346,0.29244256624879195
2347,0.910911093914153
2348,0.5278599905408928
2349,0.0016621579407067567
2350,0.46500237071202155
2351,0.8899005751552733
2352,0.008644332651162719
2353,0.9074965372595355
2354,0.05709239347792464
2355,0.10226773645269915
2356,0.018010798497189742
2357,0.03407785250546519
2358,0.21951170560894362
2359,0.8019022563035657
2360,0.07233818695960928
2361,0.06571750765992547
2362,0.005312348109506659
2363,0.02930381410764061
2364,0.003852585668042909
2365,0.12990879466167618
2366,0.0008242158903670211
2367,0.03314453113806609
2368,0.3081200609781279
2369,0.004354152806828114
2370,0.03737168874115625
2371,0.13532943527269597
2372,0.01696631229114086
2373,0.001239050879548321
2374,0.028771876267688755
2375,0.9032969397774533
2376,0.8694023866454788
2377,0.27641072180122583
2378,0.01709924787329579
2379,0.03049474083759178
2380,0.031110797970574762
2381,0.010179044867792288
2382,0.21968221826649595
2383,0.8370862013213335
2384,0.4819929880347551
2385,0.6673207506680694
2386,0.05791942688047325
2387,0.9529403681614849
2388,0.006244454502140725
2389,0.8329658928885948
2390,0.016015268847982156
2391,0.6401840949140942
2392,0.1731133358686621
2393,0.8455648558518648
2394,0.05643998563204503
2395,0.22275966389635643
2396,0.04584369587919931
2397,0.16331101250828917
2398,0.010601496861925118
2399,0.12743760651289315
2400,0.13416871976942565
2401,0.13523578533571096
2402,0.06634125866562235
2403,0.7518537754338744
2404,0.09277050385970523
2405,0.00781827303630312
2406,0.0027055635534914474
2407,0.24397037992972992
2408,0.2835881631956335
2409,0.011991782171144562
2410,0.2927633848637112
2411,0.05650769380073935
2412,0.024670994815145574
2413,0.0048607842186251405
2414,0.0472435853953075
2415,0.3229457091695966
2416,0.007251525138890221
2417,0.02962386316825044
2418,0.021929025203929135
2419,0.0030325808967987975
2420,0.0015076333078081052
2421,0.002435326914855745
2422,0.02965001686861909
2423,0.43360008243956666
2424,0.004001480034982705
2425,0.21279606908123486
2426,0.024969995144165494
2427,0.009675863160646864
2428,0.1346803104533478
2429,0.9765152440252777
2430,0.09665487812768192
2431,0.7269887492171256
2432,0.04787515761151582
2433,0.07342376185893763
2434,0.6851374443438946
2435,0.7302204367537064
2436,0.06983985277010164
2437,0.006813835784182988
2438,0.09869170072668859
2439,0.07762065150745906
2440,0.08050879326316358
2441,0.013399295694229088
2442,0.18334178631909887
2443,0.9261139530963317
2444,0.0012522250609302257
2445,0.9797570193590397
2446,0.9192702708337632
2447,0.02123285452992389
2448,0.026500054649559245
2449,0.02937815815111514
2450,0.12933555823209406
2451,0.8427896651857778
2452,0.9351198227340176
2453,0.03451559202184127
2454,0.008491915247946555
2455,0.4877805674033128
2456,0.29184516508285563
2457,0.13320204409218972
2458,0.024818205211389773
2459,0.12129352757361175
2460,0.021438836323980234
2461,0.49310221043552965
2462,0.0029922259623501317
2463,0.05783080275488902
2464,0.5605799744826372
2465,0.1576138522014184
2466,0.0008041732083307408
2467,0.018439870355596702
2468,0.7244308131808584
2469,0.0007450808682400086
2470,0.014926625854009
2471,0.8814522671855303
2472,0.03204950882857996
2473,0.03794252091268398
2474,0.7278179384584635
2475,0.008719911960406442
2476,0.007521633982340453
2477,0.0815630608109829
2478,0.04981238068491021
2479,0.12267210039110184
2480,0.1983492640286735
2481,0.027180578272543842
2482,0.32204177773404274
2483,0.016001964411901146
2484,0.0007970974431242118
2485,0.0037824070887870296
2486,0.003413315226293295
2487,0.31453105805636883
2488,0.01258108831213954
2489,0.17311176280393814
2490,0.6675309496556184
2491,0.049104296594264955
2492,0.09582034376685922
2493,0.008465609938141185
2494,0.6209236930367904
2495,0.1061312109213623
2496,0.012970359917456535
2497,0.9447259222607473
2498,0.37274809951361737
2499,0.2361788619185168
2500,0.7667197965085959
2501,0.5123157826008721
2502,0.024928849270541755
2503,0.3882571135599959
2504,0.833129894915109
2505,0.1735880751568431
2506,0.011174064700101353
2507,0.024785908775197027
2508,0.6929059365436775
2509,0.09422241610767533
2510,0.026228174622585282
2511,0.04213309838100079
2512,0.002418394766880683
2513,0.5688343328951635
2514,0.12721864343134906
2515,0.2662755110136953
2516,0.008826845159374175
2517,0.03590033218319347
2518,0.7033264570700982
2519,0.8762206539806383
2520,0.5092539924614703
2521,0.0019285086170606636
2522,0.020173422715097734
2523,0.028808719452614207
2524,0.06218549248691162
2525,0.16418297224112094
2526,0.27862906710418833
2527,0.010616214795679774
2528,0.027526203089322784
2529,0.0005489743589457426
2530,0.2467344189859879
2531,0.06427248387236079
2532,0.05791431998954096
2533,0.9756181498871632
2534,0.013464133740499196
2535,0.028738925571604432
2536,0.9491329202143345
2537,0.1473544452291892
2538,0.07303115331319765
2539,0.38424691531857996
2540,0.011100556249897609
2541,0.6091196298056953
2542,0.03784885194494008
2543,0.8453264071122782
2544,0.1375069422122135
2545,0.650665260582253
2546,0.0023945053990333007
2547,0.3383708365379695
2548,0.0008688836167827259
2549,0.04911940474362778
2550,0.008694745113483844
2551,0.2291334949984664
2552,0.004626425303264354
2553,0.3317724038910985
2554,0.012900954795485371
2555,0.9152862267726073
2556,0.4063032316576978
2557,0.04072438194786076
2558,0.12231245860246483
2559,0.0039353583011965745
2560,0.014826143730915826
2561,0.025641683937234608
2562,0.025695919162073397
2563,0.022899372698401678
2564,0.6029747318855627
2565,0.14256510958737378
2566,0.1149739137796351
2567,0.08730997445709834
2568,0.006182882374526916
2569,0.004114600352128829
2570,0.0028081147419088135
2571,0.358989372693773
2572,0.9941188319157956
2573,0.040387468337431044
2574,0.058843287579606676
2575,0.22993297054152181
2576,0.008770658112349694
2577,0.034374003037803226
2578,0.0231903509627114
2579,0.2957711548271252
2580,0.38037286029658995
2581,0.09500997383487256
2582,0.23978776289842121
2583,0.20713126108619004
2584,0.01277930090395442
2585,0.061932708197620194
2586,0.22398729262409797
2587,0.014617298533114883
2588,0.096500302069837
2589,0.0056967811603934
2590,0.045554476477476374
2591,0.015030884596773802
2592,0.09105964134760017
2593,0.1761586122843831
2594,0.010544529499281486
2595,0.14616280125547335
2596,0.000907919762509277
2597,0.9669290086282675
2598,0.4885897297405748
2599,0.008020060674275834
2600,0.01616281860900715
2601,0.5183034386365918
2602,0.001715816683099011
2603,0.13484507124041017
2604,0.0012165103985849611
2605,0.11161967491549864
2606,0.051944923996770455
2607,0.41809830687927185
2608,0.04351647522729441
2609,0.02111431531596038
2610,0.06935427287766656
2611,0.005135037328032407
2612,0.02076461748377477
2613,0.14611114831615485
2614,0.08355917629974614
2615,0.13263295872748446
2616,0.0034891774847090194
2617,0.004908393995442428
2618,0.2865476971226674
2619,0.0045777746876056406
2620,0.007417158746026883
2621,0.1932158402528454
2622,0.03339804426801503
2623,0.02230347295172146
2624,0.20293844842462105
2625,0.6005579020120725
2626,0.08730484894011498
2627,0.013400214923060847
2628,0.0024340920732963582
2629,0.0062664513566454355
2630,0.03680074557146539
2631,0.0022883086558312857
2632,0.013734444341387014
2633,0.9952580796055964
2634,0.014072491740770736
2635,0.1002978955992928
2636,0.011900925509076902
2637,0.014947885319536842
2638,0.39098390463028343
2639,0.14861460907892649
2640,0.980657987918508
2641,0.008816224737950755
2642,0.006349204410112177
2643,0.009813429244967137
2644,0.222665561152335
2645,0.9239634170119572
2646,0.021195173212691487
2647,0.05146700431321736
2648,0.008281186233078327
2649,0.12479147656147786
2650,0.7588838211833397
2651,0.1663238063952637
2652,0.0019389865513976625
2653,0.20450683134656417
2654,0.03951591128943672
2655,0.4108995157885201
2656,0.20934033045682054
2657,0.6034718467731114
2658,0.1547799588059312
2659,0.08110953551846606
2660,0.5431788297839862
2661,0.17865325651659547
2662,0.0019692011360971876
2663,0.04998709922219721
2664,0.04353645877168367
2665,0.1260073637194441
2666,0.02928343401689398
2667,0.014219784434453204
2668,0.011577802023744052
2669,0.0016787180725839168
2670,0.9685473842647183
2671,0.42099830842320457
2672,0.08067607933473767
2673,0.6814468903102274
2674,0.11875367106959017
2675,0.36152148641989545
2676,0.38155107681198114
2677,0.06431789952715569
2678,0.012520705482902059
2679,0.008440934560503125
2680,0.997765603240177
2681,0.2779221961768157
2682,0.17179379756432364
2683,0.04231419248412955
2684,0.05356420798609836
2685,0.10548239316413698
2686,0.10173615928988829
2687,0.4245936051537353
2688,0.011070279296748092
2689,0.5596075986092532
2690,0.004478353282035187
2691,0.445815352872796
2692,0.04942446989994511
2693,0.026497712470463303
2694,0.011003211269795072
2695,0.6606515264715205
2696,0.04523475389746659
2697,0.0008749042540084957
2698,0.05464265672062378
2699,0.003989540663748014
2700,0.04284133606750454
2701,0.19480846251741862
2702,0.7750751598437212
2703,0.007790383797334807
2704,0.06112913047869104
2705,0.6709294976080841
2706,0.013357119054090644
2707,0.029324634354796947
2708,0.09614573266340397
2709,0.016963614060031523
2710,0.017485939753968296
2711,0.00943795797908122
2712,0.011820504985572598
2713,0.411610775059515
2714,0.008845853368316644
2715,0.05431372163754872
2716,0.82515952935041
2717,0.14675182920226376
2718,0.376661516662511
2719,0.04450235194940304
2720,0.40098383723086256
2721,0.07322916687450506
2722,0.20203707678491606
2723,0.6182035409453676
2724,0.10677410574156328
2725,0.037164567046735104
2726,0.031585826279816036
2727,0.14884372333348952
2728,0.023175418347935815
2729,0.23890897826539712
2730,0.3918646958602666
2731,0.00915754884969826
2732,0.17546590949507837
2733,0.742235805437145
2734,0.4843115464608522
2735,0.3327509193670674
2736,0.02856495667503459
2737,0.16366411413979928
2738,0.046264350084162666
2739,0.023175278506173968
2740,0.8373361267988323
2741,0.00940965983438965
2742,0.0006532797751914384
2743,0.02704216114510187
2744,0.08605161055425843
2745,0.10731987443239814
2746,0.01644659902746735
2747,0.8959348473123787
2748,0.01854500132190969
2749,0.6442109573786413
2750,0.42954589898340767
2751,0.012732081489699032
2752,0.00308202473473212
2753,0.9824450409643712
2754,0.027002667977489396
2755,0.027121245730268
2756,0.04992527828651971
2757,0.10425114320746133
2758,0.44674439062588195
2759,0.9850354212116181
2760,0.07193910889243214
2761,0.9771261574799611
2762,0.6731653342658287
2763,0.06380189138079287
2764,0.035237724575293346
2765,0.030896706658875003
2766,0.004936481594282386
2767,0.6566491697117555
2768,0.0029890292403570605
2769,0.0654361006809338
2770,0.9095694534650812
2771,0.008481986115729501
2772,0.0010398005729064382
2773,0.5081512334151955
2774,0.04445281941712873
2775,0.05124272044709241
2776,0.9911742673450419
2777,0.01811071988241779
2778,0.013631988838658442
2779,0.0026748024810530576
2780,0.0016460451190395237
2781,0.032754319918145244
2782,0.08995761229874653
2783,0.5081728547516297
2784,0.250355903733677
2785,0.16944268837335053
2786,0.031207728958857338
2787,0.04356432999188568
2788,0.004824087098148341
2789,0.002036235696090933
2790,0.2985882104687534
2791,0.03479528169634391
2792,0.013875962082356108
2793,0.7149360520179923
2794,0.013656370453634813
2795,0.7155170413071095
2796,0.0635974847918873
2797,0.007288275460137398
2798,0.14647576730205508
2799,0.5201052833132808
2800,0.12515380429197523
2801,0.2784541574645172
2802,0.02785514962549447
2803,0.3438155152146212
2804,0.03983395138454979
2805,0.02080510153479832
2806,0.5269811881390478
2807,0.15797429531511234
2808,0.103253991505784
2809,0.10551386685612982
2810,0.40529306837097073
2811,0.10630158697017493
2812,0.8609058882611846
2813,0.7101050544379438
2814,0.005910552596313358
2815,0.0004967753302861166
2816,0.6080831723618486
2817,0.7440324318314616
2818,0.2568604130131871
2819,0.030867901161616272
2820,0.6087744792134883
2821,0.0023803234980519974
2822,0.789550986527189
2823,0.006749150570688905
2824,0.045335122228241834
2825,0.22709918954579583
2826,0.029865203831247838
2827,0.011831548274462938
2828,0.027378043722488428
2829,0.4795710155641181
2830,0.7514551545180449
2831,0.4368917705903127
2832,0.9791841454766395
2833,0.8002405340450528
2834,0.09896469338716675
2835,0.1097469450712612
2836,0.05033708681733276
2837,0.138662550782137
2838,0.10583093249393477
2839,0.005894888158550431
2840,0.00400107661726316
2841,0.0029958398961768395
2842,0.015186977558105896
2843,0.5751169017309519
2844,0.1925447798559336
2845,0.06979806738243748
2846,0.024972010605057635
2847,0.0007192936566014355
2848,0.029175800431438376
2849,0.34534425676211683
2850,0.3917750574706372
2851,0.11786151938860187
2852,0.0068122320075266855
2853,0.038902500181077125
2854,0.010755171475246406
2855,0.024230641255406898
2856,0.43324360823333136
2857,0.13480384931501516
2858,0.02386655911399887
2859,0.30346887269516254
2860,0.0025468609791035476
2861,0.012656867372151904
2862,0.09150926264876305
2863,0.14239767774754475
2864,0.5403303434990261
2865,0.005410994309681902
2866,0.04770774793289884
2867,0.2782124957032837
2868,0.004930466438809812
2869,0.0009023013169458803
2870,0.004312664413741318
2871,0.1329234355046965
2872,0.012975968376884644
2873,0.7788442406930405
2874,0.01640109043287275
2875,0.8641830788503599
2876,0.6928117538477496
2877,0.5229861552471352
2878,0.5519053462792721
2879,0.09928682087523412
2880,0.03278074942762061
2881,0.0028173451600775517
2882,0.009757695583503109
2883,0.4547900280544065
2884,0.0039412442825373225
2885,0.026782130725062483
2886,0.13113276106957686
2887,0.1501323436271102
2888,0.02777320516206779
2889,0.010229708724927388
2890,0.026086715710848783
2891,0.01649444656062065
2892,0.057088467661781696
2893,0.7194332002351488
2894,0.315932137978566
2895,0.20143727598790037
2896,0.008537093875730368
2897,0.005662056208816096
2898,0.5128642972908061
2899,0.292716199125139
2900,0.00504143628962335
2901,0.8540636707814151
2902,0.9147437470671764
2903,0.4989055992010636
2904,0.16586705721279832
2905,0.0330082573248462
2906,0.40926455327405825
2907,0.06581591066686597
2908,0.01841715867349819
2909,0.003970769547453066
2910,0.8635216247109082
2911,0.07737867162597874
2912,0.17207940747503575
2913,0.020991904792724107
2914,0.9286134785491917
2915,0.019498866087365868
2916,0.019985889460937333
2917,0.04453760247205642
2918,0.0028225672569759993
2919,0.0821145684095408
2920,0.7518187375926524
2921,0.5679384706331605
2922,0.8085234841730466
2923,0.39676254905961617
2924,0.09400510388539488
2925,0.9925439670410624
2926,0.3039552215020633
2927,0.858235985078217
2928,0.02211344285882866
2929,0.00302243327046734
2930,0.14294449745740226
2931,0.31531144492470836
2932,0.00893994408971521
2933,0.06907140995168334
2934,0.010066529096810049
2935,0.02296875522481128
2936,0.1579712310793963
2937,0.18915990864640136
2938,0.990532790808571
2939,0.05585285056422106
2940,0.26157051785505253
2941,0.006397223376621828
2942,0.18298414369457464
2943,0.4908233337656424
2944,0.06898797164037765
2945,0.14332152637314127
2946,0.0032330139957912406
2947,0.0037601229288001855
2948,0.0005234588257524423
2949,0.00861256049909729
2950,0.007429529500041663
2951,0.045324448721606646
2952,0.026243280392273048
2953,0.011512495244670481
2954,0.6157034510997941
2955,0.26374863520748437
2956,0.36852515294935423
2957,0.20663511541415466
2958,0.00992913922348701
2959,0.0014224278639385518
2960,0.31500134879337316
2961,0.19087485987593186
2962,0.009556628531619416
2963,0.028582972150262988
2964,0.001611442929660911
2965,0.014884877137007318
2966,0.9350729562302887
2967,0.226584806053097
2968,0.0004491188276686839
2969,0.049255542782472905
2970,0.05190509543926213
2971,0.024265029883463726
2972,0.3939181675446185
2973,0.5480644183962343
2974,0.5778987016853149
2975,0.1040896092918588
2976,0.6149349109899555
2977,0.14180434965084934
2978,0.004691799850551177
2979,0.057237099232422484
2980,0.007598425718734272
2981,0.022238774755085868
2982,0.29835097429982377
2983,0.1744076995580491
2984,0.011481009063559701
2985,0.14914309957273045
2986,0.11636352227620987
2987,0.027814037429481048
2988,0.3603790746508454
2989,0.057368180807631064
2990,0.7375144637506431
2991,0.0009101498221216903
2992,0.00293191332456485
2993,0.5366118834912725
2994,0.10022933378466709
2995,0.0025680570939549
2996,0.01060136534144392
2997,0.38782485406728046
2998,0.3631559135003355
2999,0.16002981391351662
3000,0.15152572388573696
3001,0.003174075382930225
3002,0.7721268794910706
3003,0.43163834825736286
3004,0.00806717579409836
3005,0.015284958620239616
3006,0.010489959119603567
3007,0.14557418023539068
3008,0.017952099457311476
3009,0.176540824818594
3010,0.02510961423842506
3011,0.36746916789781414
3012,0.13219259246228543
3013,0.05346046610190318
3014,0.03325432305224309
3015,0.8597313633982964
3016,0.12011804985886443
3017,0.00266653649558732
3018,0.008497593188546669
3019,0.8895551447192264
3020,0.001979469026520815
3021,0.46370979783283733
3022,0.3040880803391964
3023,0.392995566542293
3024,0.19072134905194849
3025,0.14261010175840844
3026,0.912802169806675
3027,0.09913654668839011
3028,0.12225385912196034
3029,0.01315677844551993
3030,0.03253850539940691
3031,0.002608223015983877
3032,0.07000289729950994
3033,0.4233060574948302
3034,0.01279347528387937
3035,0.01476971831298764
3036,0.025327018298917307
3037,0.09861040796832553
3038,0.10835083105786185
3039,0.015696248433264722
3040,0.09282707467612646
3041,0.009358599900046321
3042,0.03147367406534031
3043,0.16022271652662048
3044,0.033679385912897056
3045,0.28102592415741695
3046,0.14420669318593285
3047,0.002261452988780882
3048,0.009951557330192404
3049,0.02215544387025578
3050,0.00110821855891266
3051,0.04866542003624271
3052,0.0057363249689097884
3053,0.5575301946428779
3054,0.005625948497396057
3055,0.028374134015461815
3056,0.05333718965376328
3057,0.027325878305476274
3058,0.4275819126357327
3059,0.0037878418957982708
3060,0.022114291056728512
3061,0.07732299078438283
3062,0.07470808802450857
3063,0.5480229788123974
3064,0.3789246648089655
3065,0.8479465642281756
3066,0.002853459133009182
3067,0.8926848922523363
3068,0.02015844527970197
3069,0.6556486581999861
3070,0.023808115434081397
3071,0.04736109678942178
3072,0.003030299422090063
3073,0.03549372999752036
3074,0.23281175908431792
3075,0.01605819836059305
3076,0.030479290736712482
3077,0.0019454140167333926
3078,0.8282433868580096
3079,0.18073316997075956
3080,0.003449499591240635
3081,0.30137797992483295
3082,0.02859407999543969
3083,0.01622404178816745
3084,0.3754110516361887
3085,0.005611989026215595
3086,0.0031811039081371313
3087,0.018603641500157326
3088,0.1627639130643237
3089,0.0026635142020431293
3090,0.1610591455366198
3091,0.08429255093628495
3092,0.10808495630770697
3093,0.010511810180428611
3094,0.01095099225571917
3095,0.002693179609588403
3096,0.142712487189033
3097,0.031245859145155427
3098,0.022593543144092225
3099,0.011969659560424633
3100,0.0321477682218472
3101,0.018983905927627394
3102,0.0017662933931396796
3103,0.010056946217375719
3104,0.80599840044714
3105,0.061456711172626466
3106,0.26553788785587307
3107,0.019921531145460424
3108,0.08045904912227742
3109,0.13896767862267587
3110,0.03827204278722928
3111,0.1510514750687882
3112,0.017494133068463834
3113,0.0002999703192303066
3114,0.6047344101119592
3115,0.7141487439149475
3116,0.012103393857625539
3117,0.017863561882139025
3118,0.9160056630523619
3119,0.8304086870345834
3120,0.9454434089963807
3121,0.009616336310365556
3122,0.02902312700449931
3123,0.08991580045411579
3124,0.35635014912009977
3125,0.03626289516835537
3126,0.021364027364009882
3127,0.6714120673599775
3128,0.030567820954409235
3129,0.026795130221941802
3130,0.0076599209517339
3131,0.1701051549112634
3132,0.2275473507751835
3133,0.9861708252421899
3134,0.029250903617153493
3135,0.020472236433423902
3136,0.22505777625299658
3137,0.08468757693368098
3138,0.9735568481644341
3139,0.0836662137293256
3140,0.002405150029450544
3141,0.021917156268024953
3142,0.08787229983522028
3143,0.005359480534284056
3144,0.01009204127030387
3145,0.08142675483162379
3146,0.08992783727467579
3147,0.005087745712738209
3148,0.13684905411259699
3149,0.10093202243910848
3150,0.015551077590012492
3151,0.17623713526495038
3152,0.25347375052744986
3153,0.15553021502494155
3154,0.8765674784317223
3155,0.05431941962944806
3156,0.0070601491529637865
3157,0.006788805102297375
3158,0.022550515565551463
3159,0.012007115013659824
3160,0.29774144348510284
3161,0.0032854273686532334
3162,0.0098468200244527
3163,0.0116366120967289
3164,0.008225185908490924
3165,0.017729210529085104
3166,0.290763967351365
3167,0.16853937323012425
3168,0.03512977265214666
3169,0.002097098496241166
3170,0.920630987093423
3171,0.003972113963101573
3172,0.0010282877908374096
3173,0.9823404979991675
3174,0.0011653090242560787
3175,0.04540147175460596
3176,0.11797273670638474
3177,0.051517248932329576
3178,0.0072107409539461
3179,0.07812944814748995
3180,0.0051806370082429255
3181,0.5317477359832046
3182,0.061563773372313176
3183,0.9325350866028788
3184,0.018319932890188663
3185,0.03415795570952785
3186,0.7673575125445564
3187,0.021808631738490007
3188,0.7274054500910982
3189,0.004950767679945597
3190,0.013625786188801541
3191,0.013553736835262694
3192,0.016579785624265726
3193,0.20318052611573192
3194,0.15076811743541477
3195,0.3995925716378595
3196,0.4620443842089438
3197,0.04802849818541042
3198,0.02075813670076822
3199,0.19432127989467213
3200,0.06284988952065695
3201,0.01801582334787526
3202,0.01300369098219539
3203,0.9769120543352453
3204,0.01876464606432521
3205,0.0041233642802640125
3206,0.006438753350622421
3207,0.016621641265828584
3208,0.30670233667917945
3209,0.5664360848011454
3210,0.04901282513457106
3211,0.03139626172423018
3212,0.24648400952176996
3213,0.4766135672929915
3214,0.03698498133011291
3215,0.012810473044769892
3216,0.028740458750971268
3217,0.010214484789917782
3218,0.005421416404570433
3219,0.9761653947547045
3220,0.001908448039411086
3221,0.19496212277980773
3222,0.0025165058688081244
3223,0.013952438014424497
3224,0.017525678229494742
3225,0.1467298344237321
3226,0.007139902517581507
3227,0.1611464307417749
3228,0.019696811705921434
3229,0.0097823977368265
3230,0.12106349488382967
3231,0.06717742929466952
3232,0.9603648162905927
3233,0.0018908192814647976
3234,0.0030718095427380125
3235,0.10641991332747569
3236,0.28931852229737687
3237,0.015798818216408057
3238,0.039766592157702396
3239,0.03451446024666379
3240,0.19442674853226044
3241,0.9759856430663482
3242,0.06703111223993416
3243,0.010713167681351719
3244,0.5567355538270813
3245,0.054877952872917204
3246,0.2878409662171611
3247,0.008427656375480607
3248,0.003642607157806044
3249,0.18119359127485335
3250,0.04897000437828963
3251,0.06515052304210374
3252,0.887495117285651
3253,0.3308576535207566
3254,0.674429800795608
3255,0.0746749794691624
3256,0.13021360608720478
3257,0.007599898242634347
3258,0.34402657635505063
3259,0.5288856199830985
3260,0.025937858017400135
3261,0.5936339427005182
3262,0.15828204864228093
3263,0.00307643152539197
3264,0.0028884417424482863
3265,0.07527997705449505
3266,0.15065673412990876
3267,0.8960735564566976
3268,0.03602534678559282
3269,0.1781421832357567
3270,0.009297640835177328
3271,0.013342809204142877
3272,0.030857828171226377
3273,0.03295208363749745
3274,0.007620012806797562
3275,0.004846147458098977
3276,0.01704912444642194
3277,0.12655915700586803
3278,0.04477503791086722
3279,0.005053116591440966
3280,0.023792993108824653
3281,0.01835264439793823
3282,0.053968669862972427
3283,0.8810694129450288
3284,0.5633937439335798
3285,0.0007988718838585694
3286,0.03328705753832708
3287,0.00790366998600867
3288,0.4105275587183338
3289,0.3204334615734705
3290,0.10264527519356156
3291,0.004021281851242174
3292,0.03737401271639386
3293,0.019431240537790388
3294,0.4682575243665592
3295,0.21206001615109638
3296,0.003761123433505011
3297,0.6917034206358893
3298,0.03854026040420537
3299,0.13233673511749497
3300,0.015612634054503435
3301,0.026388936978563923
3302,0.012229465649482057
3303,0.16683478963492987
3304,0.42283255792476315
3305,0.8408751409869158
3306,0.015546091624853445
3307,0.1496025204974357
3308,0.23052413672118638
3309,0.0022482383236882434
3310,0.04417532394182703
3311,0.0035377301472460676
3312,0.1257833743915663
3313,0.9786732908697375
3314,0.015536995859973323
3315,0.006473142055913715
3316,0.9028988457308922
3317,0.07457098196224189
3318,0.07922910185227917
3319,0.37085638177631775
3320,0.8409122235744819
3321,0.0515660622466027
3322,0.05360037884990644
3323,0.050094309699081366
3324,0.010968599925754125
3325,0.013806377561731137
3326,0.009227295838393828
3327,0.016070490928788334
3328,0.4951428866936841
3329,0.06487322091804978
3330,0.269922609325388
3331,0.03428857079107347
3332,0.06860855062871522
3333,0.023011785477719034
3334,0.02182550084081615
3335,0.12978191603619726
3336,0.03020884631151947
3337,0.2952164150342466
3338,0.20014846318648777
3339,0.45848473277200646
3340,0.0409973834904574
3341,0.04687929109862197
3342,0.2242396940160554
3343,0.055504709829360566
3344,0.5841732984018202
3345,0.021246132872232242
3346,0.18166201865283207
3347,0.2479124759468715
3348,0.34180560624843
3349,0.14308740375101914
3350,0.8841114363200966
3351,0.021730299723110823
3352,0.0006297867272498949
3353,0.0055250701352213515
3354,0.04068329963184069
3355,0.5557029470128092
3356,0.008944904188103476
3357,0.8716440592787318
3358,0.021858169843164205
3359,0.457410341904315
3360,0.07768834056412179
3361,0.7444234619609743
3362,0.0050243927219603066
3363,0.09271051713916123
3364,0.9968459945406968
3365,0.0010092763009056105
3366,0.007171261485215321
3367,0.5130410237143328
3368,0.9084570171418604
3369,0.5488892332651953
3370,0.033593277454030096
3371,0.020187370669528824
3372,0.0014391626977076648
3373,0.006757220287848125
3374,0.06019528726398977
3375,0.14939379401193215
3376,0.004772951759860175
3377,0.03924208534795688
3378,0.0012897804242749853
3379,0.01711528221523779
3380,0.9397001366923656
3381,0.47193651698717287
3382,0.042678788094589214
3383,0.34518347641673536
3384,0.5405859279298766
3385,0.21543357726009096
3386,0.6691206780133189
3387,0.0024959733647076784
3388,0.05741260028852301
3389,0.019016050025505247
3390,0.1971463293292875
3391,0.03438387003834183
3392,0.46829630278560946
3393,0.03875124427531159
3394,0.1508401816214497
3395,0.07139953877544752
3396,0.018035893379367597
3397,0.49967364312119067
3398,0.11418233767277126
3399,0.45562020897140865
3400,0.0075898500283679395
3401,0.08299159685164761
3402,0.7074325198998908
3403,0.15358135961486824
3404,0.004285324056115093
3405,0.03857308577660786
3406,0.1457037122531596
3407,0.0014229988607704174
3408,0.6946300788843606
3409,0.007006691169783374
3410,0.014591350728310687
3411,0.9774903731464124
3412,0.9829800501557203
3413,0.9107342787691546
3414,0.0010478668116666932
3415,0.05109337245622466
3416,0.9664134279450843
3417,0.0012036091158453758
3418,0.009656374592691414
3419,0.01419393892332303
3420,0.14615973119321046
3421,0.006126001681416231
3422,0.4356668158230106
3423,0.09292545272182796
3424,0.013997403190880723
3425,0.016498415538562062
3426,0.07928211333378735
3427,0.04432081826124551
3428,0.008273212956414821
3429,0.32107951465160933
3430,0.007193738099638964
3431,0.024469883013059253
3432,0.4515056580537159
3433,0.015540941621249992
3434,0.3591680672077845
3435,0.6149890103230506
3436,0.23204568107813292
3437,0.010928733393353887
3438,0.9038040934164718
3439,0.002503272184645241
3440,0.09073110514086422
3441,0.234998401357878
3442,0.7015753102448722
3443,0.6749572826870894
3444,0.0884230745054069
3445,0.0067744579022403295
3446,0.019281217277035485
3447,0.001996924242063888
3448,0.25202566099539486
3449,0.3604765932314052
3450,0.9518280427686142
3451,0.03147245033996873
3452,0.008264916306967431
3453,0.09042364208421039
3454,0.003084952406283046
3455,0.009760028435626199
3456,0.572056003693455
3457,0.1173453313817491
3458,0.0026606123306452153
3459,0.018037545980263116
3460,0.821039754740846
3461,0.01643136609805719
3462,0.022392648664839376
3463,0.022714899818505246
3464,0.0057211606064361325
3465,0.01188297933187408
3466,0.5420939912666015
3467,0.025888047005386133
3468,0.9515488291789406
3469,0.8600268591375262
3470,0.6183640640920955
3471,0.07656908125081303
3472,0.5499534146923923
3473,0.21862840981537707
3474,0.12701070262152503
3475,0.012637542053505802
3476,0.11084498857999515
3477,0.0015221929665134226
3478,0.024326818991386206
3479,0.004415647852984048
3480,0.00207429659086342
3481,0.01078004944415332
3482,0.21804450918067667
3483,0.048826250831648585
3484,0.0006074505761284188
3485,0.3784693321379915
3486,0.042725876739372504
3487,0.0061942624302431006
3488,0.058407689890189775
3489,0.28136142007483456
3490,0.017806937878178
3491,0.0007016727147143465
3492,0.0757162473197715
3493,0.5801327724593521
3494,0.2662433098483959
3495,0.016425918205974745
3496,0.005471615222328214
3497,0.06385583565122604
3498,0.22500965694078173
3499,0.05567285847720013
3500,0.2686740667434427
3501,0.00263862775213669
3502,0.015688016787594357
3503,0.002644082978626687
3504,0.0063282763449449605
3505,0.032508606383897506
3506,0.03922763236050614
3507,0.09484353853887663
3508,0.016833071065848193
3509,0.27441707526330217
3510,0.7968844770790927
3511,0.07761634195836296
3512,0.16373255260759614
3513,0.11539849356388557
3514,0.4210416076106958
3515,0.020918217738933792
3516,0.01106012906876178
3517,0.0065962576467963685
3518,0.06642093284632943
3519,0.8148537680411574
3520,0.22230902454531273
3521,0.22202442535080275
3522,0.3639449588230119
3523,0.04554038271543164
3524,0.14262000613177547
3525,0.024385060313397752
3526,0.18905665656541212
3527,0.6952984283539414
3528,0.9845243601904687
3529,0.04774194679369174
3530,0.05114008490181219
3531,0.023466002138821114
3532,0.09113685974766345
3533,0.9877133935560567
3534,0.019610157272011815
3535,0.020889282509870034
3536,0.007397482788357501
3537,0.018697760901603487
3538,0.27685499240684674
3539,0.23056750724686878
3540,0.39890811996359166
3541,0.04547335540196376
3542,0.4928731774963132
3543,0.11611390603623015
3544,0.17310227808385062
3545,0.053750898540832884
3546,0.8598213843027821
3547,0.005709271053511065
3548,0.021169267639313545
3549,0.04776511589826167
3550,0.005467252786561006
3551,0.10275273290907551
3552,0.22184400479162603
3553,0.007767420447387929
3554,0.25335679468551453
3555,0.08366302917424404
3556,0.010856179542258078
3557,0.0215561487689727
3558,0.001399444901493094
3559,0.6792276442938515
3560,0.03935142926257176
3561,0.033189891940978676
3562,0.00901282005822402
3563,0.013992446517703984
3564,0.009044113651598252
3565,0.2396162264398383
3566,0.41529954392677254
3567,0.017521216485438473
3568,0.16819954393099723
3569,0.42149249797904015
3570,0.13958726074310787
3571,0.16686062098535498
3572,0.7132604614002966
3573,0.00604911949944934
3574,0.2810358972945513
3575,0.29943430808884175
3576,0.5032972979112537
3577,0.013619436809587004
3578,0.02383329515043879
3579,0.24580931454439017
3580,0.3244736103691971
3581,0.28893122849112046
3582,0.012288823441060985
3583,0.9600912325797238
3584,0.5400240020407083
3585,0.2664158484383325
3586,0.0019895261542974304
3587,0.035027635292593416
3588,0.4114112042006966
3589,0.037947846776224536
3590,0.36922828254486634
3591,0.015218684842824329
3592,0.02356965842415222
3593,0.0012406709646163542
3594,0.9604829053809966
3595,0.006677491375171126
3596,0.013680752594671558
3597,0.1373599727164955
3598,0.0009284710819196661
3599,0.2214577100251141
3600,0.008022619184547322
3601,0.4293055083654256
3602,0.0018327763931154921
3603,0.9630828958405673
3604,0.017553856716461917
3605,0.054868824387497066
3606,0.06040790617188848
3607,0.5464945965275271
3608,0.1278375502685669
3609,0.19911197158429425
3610,0.0022485433651888522
3611,0.01579459516370547
3612,0.23861082929232005
3613,0.01415273883821141
3614,0.003450673190210605
3615,0.013173901448935639
3616,0.007701375704460721
3617,0.9784869627679254
3618,0.036228980917057015
3619,0.022261107579974574
3620,0.0598172415958008
3621,0.9437193140548367
3622,0.008110825205608591
3623,0.020669448913855734
3624,0.2606658488579781
3625,0.6646826809435546
3626,0.035618575808835526
3627,0.1777455802045198
3628,0.00763175811337873
3629,0.014502093651929768
3630,0.04990178298190424
3631,0.04953804586789779
3632,0.035091851035277594
3633,0.8197653145874704
3634,0.06798886168565856
3635,0.15548993295087138
3636,0.05500996748924922
3637,0.18151662735786803
3638,0.04200109378938244
3639,0.031091388981810922
3640,0.011495869982558273
3641,0.8909644066079682
3642,0.0053164674676161984
3643,0.001221267275603326
3644,0.20202485115058566
3645,0.3485880412110102
3646,0.21277879376269207
3647,0.04707992584217697
3648,0.7876730649302853
3649,0.11737255460428617
3650,0.026480081998371322
3651,0.008784736196722175
3652,0.5478311144326008
3653,0.9860188913564684
3654,0.00809485976831512
3655,0.36942842771432427
3656,0.005149028024536253
3657,0.0721724783264738
3658,0.009190554501466892
3659,0.00796107833016795
3660,0.00415648519660183
3661,0.0008777040875323138
3662,0.011736157283853407
3663,0.9328358276679967
3664,0.08729079173021953
3665,0.0026741758702551895
3666,0.0063604338003620245
3667,0.3988092613623656
3668,0.036861231874444754
3669,0.01086836050093686
3670,0.08090354226244503
3671,0.028502076007335377
3672,0.3229675759770037
3673,0.12066016270238719
3674,0.017595996953638195
3675,0.043971096754131994
3676,0.18260983321508256
3677,0.015027947144792308
3678,0.0031830792787362963
3679,0.09839367367933459
3680,0.1288650123622155
3681,0.44726515123358423
3682,0.0033319215455303083
3683,0.008811551710107154
3684,0.8804916583648809
3685,0.07072986675571388
3686,0.007883060787009913
3687,0.009113286163944323
3688,0.01285695310486129
3689,0.35265367594287444
3690,0.005768751031982285
3691,0.5445882824992874
3692,0.183710326798845
3693,0.9480113076607418
3694,0.07258765220404208
3695,0.42231252002000896
3696,0.8210233007225883
3697,0.16147628117772284
3698,0.012780450125998979
3699,0.008428281404437691
3700,0.0021073024290244034
3701,0.13002466116196856
3702,0.7384718224291508
3703,0.04949955606020129
3704,0.07457960338857321
3705,0.8396125314278695
3706,0.01486333123531601
3707,0.006213827972989955
3708,0.05385265787035806
3709,0.011412765048720661
3710,0.7187321185930416
3711,0.31287689617807957
3712,0.32720826516287954
3713,0.013934623346262468
3714,0.9659174159945982
3715,0.1477421730013617
3716,0.00479794825701337
3717,0.009491793956308685
3718,0.5509491116790408
3719,0.5191632293211403
3720,0.001164211978704722
3721,0.15652724500066414
3722,0.029537289570535218
3723,0.4236658140576723
3724,0.008358012030791995
3725,0.017412526930580385
3726,0.6000587284546386
3727,0.04498473445305768
3728,0.27639605505616616
3729,0.0989349029877991
3730,0.2137361733980843
3731,0.005112752963633483
3732,0.41286442833725306
3733,0.0015430166636846321
3734,0.008533506019200048
3735,0.13299757652737607
3736,0.2108644164189589
3737,0.9806079759091146
3738,0.013826914007781363
3739,0.4176163809575505
3740,0.5948345700040144
3741,0.001584224571193345
3742,0.04837671422799999
3743,0.6870565733369893
3744,0.023014703954172683
3745,0.002361961488487304
3746,0.024537907549611524
3747,0.5472152021249118
3748,0.0054125353610300015
3749,0.10809753838856997
3750,0.7899180529181984
3751,0.022116969498419577
3752,0.5510064211930771
3753,0.05292107009530648
3754,0.02201276557013246
3755,0.9008511627786282
3756,0.07831214183545578
3757,0.1625374820500862
3758,0.007030625137019972
3759,0.0010514248895986756
3760,0.001620855107079871
3761,0.057441614750019125
3762,0.9394436688921791
3763,0.01619238395809029
3764,0.039789078017978805
3765,0.0684008254115186
3766,0.26967476872773194
3767,0.010354772617364474
3768,0.003403510147829748
3769,0.018750314811161073
3770,0.10448706428620924
3771,0.08772801228143357
3772,0.002085780287756252
3773,0.24447052313776993
3774,0.20547578641837547
3775,0.016499745285757716
3776,0.44116461039784266
3777,0.0020796823620979478
3778,0.002854078366734689
3779,0.027116464306282277
3780,0.004461655547145904
3781,0.0570178800937082
3782,0.14493549301366526
3783,0.0008765723757690898
3784,0.3529167588723577
3785,0.6607039342787313
3786,0.03220622305212708
3787,0.004566818662719558
3788,0.004453930121821305
3789,0.046097740531754014
3790,0.5947974595284067
3791,0.06339325327727799
3792,0.01884311930396798
3793,0.041940844544933076
3794,0.24555471967025957
3795,0.6514971436145421
3796,0.04998270169131432
3797,0.13134224445767975
3798,0.18190147958360486
3799,0.10650047153656157
3800,0.002030901544149689
3801,0.2142739188115141
3802,0.0161829174725468
3803,0.005304258002745719
3804,0.09097973143213244
3805,0.0011024016658269038
3806,0.014235221438232347
3807,0.057368040265442614
3808,0.1402126942627273
3809,0.04363640499765092
3810,0.009662222634972092
3811,0.09180186512228716
3812,0.0014503534146977463
3813,0.4437274055119489
3814,0.3882906749655826
3815,0.8576132017600299
3816,0.04919320987904138
3817,0.022522772933496284
3818,0.971551435433106
3819,0.06944302488512795
3820,0.5089366198738311
3821,0.4520341568825718
3822,0.1294168834200489
3823,0.011304878705337165
3824,0.003175676728934287
3825,0.26781573948879794
3826,0.4017247691901261
3827,0.028312790657571897
3828,0.4794537074809042
3829,0.8113993351558747
3830,0.0100867437014861
3831,0.022753331915717104
3832,0.030537400279029573
3833,0.8826420677348196
3834,0.0027554150012653604
3835,0.9994974535807438
3836,0.03739078109567781
3837,0.8454473106709764
3838,0.006571541065815988
3839,0.012337854421825412
3840,0.046062601756888664
3841,0.17312756603398474
3842,0.005062301026374286
3843,0.1126906862736378
3844,0.1611263143068495
3845,0.8987520808514045
3846,0.010608923864993739
3847,0.32125594599295076
3848,0.028709100862970762
3849,0.006811105771457284
3850,0.054078997196930344
3851,0.014065040370479289
3852,0.8858821461520023
3853,0.9754048861946507
3854,0.010960657574715718
3855,0.34359506839952797
3856,0.1511106384345713
3857,0.0034765819881524573
3858,0.899334005169091
3859,0.047380683146831366
3860,0.011428613679855064
3861,0.2288962546771998
3862,0.04764033366037171
3863,0.0014207449757859037
3864,0.03260674264323003
3865,0.9905336643658743
3866,0.43859297585896456
3867,0.012350039914103257
3868,0.032523552841135596
3869,0.001014040878911788
3870,0.9239772409096634
3871,0.0023561515590712814
3872,0.043098655705015636
3873,0.5977850069246796
3874,0.015466674895025624
3875,0.016224756330144266
3876,0.028989343348252445
3877,0.0320062159761568
3878,0.008306723963429885
3879,0.21517856670615607
3880,0.35791295606528745
3881,0.631729659025393
3882,0.12906362689519046
3883,0.00024019589860257393
3884,0.006961748333415858
3885,0.023771416553094057
3886,0.9727890635034857
3887,0.012102837179564549
3888,0.014067748350485259
3889,0.002411681854394039
3890,0.2212582530918921
3891,0.006040507683635105
3892,0.09504573710840998
3893,0.0347216755284657
3894,0.26060388405013607
3895,0.25447112855750975
3896,0.976849896644946
3897,0.040796877036633004
3898,0.06625155186560994
3899,0.062105242225323334
3900,0.153542902255755
3901,0.11212303181818226
3902,0.269062638900765
3903,0.5755598810394079
3904,0.0007494600003989862
3905,0.013901539169829927
3906,0.033614191532323055
3907,0.3958466973059103
3908,0.7501943238424211
3909,0.1841473780791677
3910,0.00266366358494691
3911,0.028854566386440548
3912,0.7140808918687085
3913,0.05640854661498924
3914,0.0025667394210107746
3915,0.08021059127675224
3916,0.00542932740034799
3917,0.19736737443971375
3918,0.011457349610675533
3919,0.011594222145518605
3920,0.04236143059543472
3921,0.013059070375913149
3922,0.0013516070469472158
3923,0.07060299207085524
3924,0.30250775770535976
3925,0.009365309999391353
3926,0.014415489409178864
3927,0.06334523199012784
3928,0.05657830936042889
3929,0.004848634918297645
3930,0.026926823153019357
3931,0.43722740496671936
3932,0.07824284231303502
3933,0.004866873464566792
3934,0.0054910103824641985
3935,0.04130640363162061
3936,0.12393762675572388
3937,0.34596203383109647
3938,0.029783312328060745
3939,0.0012712840794518994
3940,0.026861371394214382
3941,0.005206028910187361
3942,0.020846815467342253
3943,0.9417955783113482
3944,0.036103833819409424
3945,0.218277242824603
3946,0.9972705963436668
3947,0.02066653493824296
3948,0.771433377974803
3949,0.021284124198110127
3950,0.09220274255645093
3951,0.025086569911653363
3952,0.05290365248211406
3953,0.09944669607078113
3954,0.04649983737943957
3955,0.09131367832250191
3956,0.04483544652705768
3957,0.9274303281840959
3958,0.9878297226027571
3959,0.01925103297682435
3960,0.05209336809027478
3961,0.08796894471967041
3962,0.011626330625146085
3963,0.13945430153175212
3964,0.010975279322143025
3965,0.8324772706117617
3966,0.2764201078453735
3967,0.6996877419172777
3968,0.06400703941413807
3969,0.004220643325382334
3970,0.04619386423003103
3971,0.44442483005152145
3972,0.9935529239886807
3973,0.4241951896220892
3974,0.02475711756679509
3975,0.033941552041398905
3976,0.013359529162982896
3977,0.08317617015640062
3978,0.010490390521632588
3979,0.9252902757047001
3980,0.0027272200105518947
3981,0.015297382710688649
3982,0.017224564718067225
3983,0.003929184601295065
3984,0.04923242346853605
3985,0.0011899994678439216
3986,0.030661281922606358
3987,0.02297390353003273
3988,0.09224873437797647
3989,0.12641562756903768
3990,0.02492835274026694
3991,0.010941599237934023
3992,0.0027115806491699018
3993,0.0023093050131796954
3994,0.8736611907573169
3995,0.05067539597035243
3996,0.09936482421927399
3997,0.05063802270436156
3998,0.020950949182776245
3999,0.008208421414662343
4000,0.0025392856808779635
4001,0.005850794118160017
4002,0.009668715657636462
4003,0.05717767515813113
4004,0.041450698650834
4005,0.007223972335376193
4006,0.013248649319612272
4007,0.08479185600975983
4008,0.39017503268575565
4009,0.04829272703743478
4010,0.0165011410710908
4011,0.16864341965271343
4012,0.7356647201380535
4013,0.03441879390591775
4014,0.01630417457310782
4015,0.00533895652197678
4016,0.0001527627301490581
4017,0.0510007442033298
4018,0.005322375737604139
4019,0.0012270721416934114
4020,0.003082387351100069
4021,0.6586889053780808
4022,0.003912014083450132
4023,0.8959834117786613
4024,0.0814070713313073
4025,0.5924232787610506
4026,0.02734238572685173
4027,0.1073375518310129
4028,0.10913248081420186
4029,0.0411625953382616
4030,0.9381106447426483
4031,0.789772547860869
4032,0.002998558939401125
4033,0.047242559940942744
4034,0.057604180910620285
4035,0.8792361592893787
4036,0.03927259843779577
4037,0.0015713190417352759
4038,0.8729573573115509
4039,0.0010416228673020666
4040,0.9343910180102314
4041,0.0013807013886810119
4042,0.29230906972988674
4043,0.12601302697375277
4044,0.2952742839869812
4045,0.10670489327174795
4046,0.020514059105775487
4047,0.003166567316942306
4048,0.00044550096119344953
4049,0.8638709953087449
4050,0.038696220711999046
4051,0.3802585879106935
4052,0.0072231087565163095
4053,0.9409434231611203
4054,0.1122019555538357
4055,0.040556336481879486
4056,0.13665972201198665
4057,0.21628041856671562
4058,0.3863583084038122
4059,0.9072418394199446
4060,0.21768144992776506
4061,0.02354143036505112
4062,0.5803053851635768
4063,0.28897476369620556
4064,0.10847530192684322
4065,0.01080786659165751
4066,0.7888952714133138
4067,0.0022625866753912378
4068,0.0966144070543385
4069,0.03703916713926554
4070,0.01109726595647636
4071,0.13420554132288176
4072,0.12819671194381235
4073,0.006329910283666525
4074,0.08972658122962904
4075,0.20261056600546445
4076,0.18710092981889176
4077,0.01948901798129361
4078,0.0031185412314733065
4079,0.0062683732065351916
4080,0.6895128465061059
4081,0.006628145063479462
4082,0.08094439769972031
4083,0.2510687479933052
4084,0.024627371592572878
4085,0.1246985192983937
4086,0.3167876007227491
4087,0.1572752188087549
4088,0.5401848774231
4089,0.09692065836922799
4090,0.07232437084667064
4091,0.1526953253013329
4092,0.7326664059764841
4093,0.06610400504185521
4094,0.0671789281315828
4095,0.018001907085474174
4096,0.07908377172965335
4097,0.18183460262759546
4098,0.9005813094487488
4099,0.0158602502102081
4100,0.7922047731034207
4101,0.1949175583366464
4102,0.048727328741227816
4103,0.0020643810391515103
4104,0.927263542602505
4105,0.01464086398205015
4106,0.3846534176311389
4107,0.009611850208779624
4108,0.002230400416777107
4109,0.6182712330051606
4110,0.8240845570364831
4111,0.02998055903798473
4112,0.029036998664764144
4113,0.023867622129931
4114,0.27353541417226757
4115,0.45961804515775917
4116,0.004085929742030183
4117,0.061109982303781056
4118,0.003814486095307132
4119,0.21986146113782218
4120,0.02764343750538902
4121,0.02312227151623055
4122,0.06173109621262023
4123,0.03670019916416747
4124,0.0029774010776255507
4125,0.04220503247178555
4126,0.9625343500311245
4127,0.27551145261613036
4128,0.046058271790767547
4129,0.33431052208788425
4130,0.045576809354460776
4131,0.922340830247918
4132,0.14225298275034723
4133,0.014959804878103188
4134,0.01960107947197149
4135,0.17818007700361987
4136,0.014279913789845689
4137,0.021229348803943338
4138,0.4306767819712073
4139,0.02476337119673255
4140,0.21183731923033583
4141,0.0012706776308368532
4142,0.008209072847906068
4143,0.001807348035453007
4144,0.0026786662730505207
4145,0.006018649573150118
4146,0.41418803865849335
4147,0.004443554775651794
4148,0.0020513787907495405
4149,0.30443634328193203
4150,0.11402018483390906
4151,0.000995123937246738
4152,0.08505113442841412
4153,0.06146023587714649
4154,0.2608672325416818
4155,0.860796400073625
4156,0.25551320675816563
4157,0.5873905856099577
4158,0.02982804522584742
4159,0.566381973296247
4160,0.5999804598714058
4161,0.38407128497665577
4162,0.9496247347461431
4163,0.017283177933769097
4164,0.001901717457909076
4165,0.0607745627862973
4166,0.11259706204804777
4167,0.004848132100800678
4168,0.024625059483388147
4169,0.1601527258286698
4170,0.003980033548666585
4171,0.009320376976594436
4172,0.2965540547026244
4173,0.9153486708884065
4174,0.06194699234121527
4175,0.0022238625470446314
4176,0.004517188184016147
4177,0.12354183088719854
4178,0.008491680053426433
4179,0.45883938547864045
4180,0.030982967934031422
4181,0.7608677251487498
4182,0.7872492032451913
4183,0.02962846194927677
4184,0.03976247102284189
4185,0.3634857225953747
4186,0.004991495356121597
4187,0.007197652807755051
4188,0.01174412670318917
4189,0.005468783277647688
4190,0.005569179336480056
4191,0.24095402089627654
4192,0.24458486364744206
4193,0.009205250484662286
4194,0.10986193961838767
4195,0.09784497212900013
4196,0.4806402704714978
4197,0.0442699945282863
4198,0.10121615705005353
4199,0.43350085044375813
4200,0.0012000587258307403
4201,0.01035501535278987
4202,0.006746460764686861
4203,0.004991341501877487
4204,0.05472063978390848
4205,0.00286371577012675
4206,0.8190939516728842
4207,0.10579224645587208
4208,0.048821623254939994
4209,0.007083740832850562
4210,0.04803058267198005
4211,0.006723444055705944
4212,0.47432296606643803
4213,0.024839462298591776
4214,0.8244750372767389
4215,0.2697259053299671
4216,0.6382374595611274
4217,0.011675348801035337
4218,0.06588628416079007
4219,0.0037012952309440246
4220,0.09567011201304682
4221,0.18498587458730598
4222,0.010905915464736604
4223,0.10983700369796102
4224,0.6343929625587349
4225,0.07287922447035665
4226,0.018008295519308413
4227,0.21846908950813362
4228,0.009996674302771468
4229,0.7264927151212329
4230,0.02159255700839326
4231,0.02309687932266248
4232,0.1224692736137053
4233,0.02200152009882015
4234,0.5464347160664552
4235,0.15241612273664612
4236,0.08487007390715871
4237,0.7248882434751229
4238,0.6832773625258541
4239,0.00468978321388202
4240,0.3879292804960571
4241,0.12189415338880771
4242,0.3952709999597269
4243,0.01665814646558626
4244,0.045929190382828534
4245,0.0014479857742534534
4246,0.07191944312517536
4247,0.00789108634939261
4248,0.021258713022698883
4249,0.139745521814052
4250,0.006955397757465809
4251,0.3502395446926669
4252,0.04132145057043464
4253,0.025383437458147733
4254,0.0063411993934568206
4255,0.0026527526727197635
4256,0.04926635012658072
4257,0.0011278416520231365
4258,0.030178833827981595
4259,0.004691772732185293
4260,0.005415801701171601
4261,0.03424493398868658
4262,0.07945292996981414
4263,0.11931141621397053
4264,0.36463816957982675
4265,0.05311288663666779
4266,0.006829496613209554
4267,0.1656529941637036
4268,0.016713094984034685
4269,0.0025500539790184857
4270,0.06980532417256362
4271,0.008491707696558224
4272,0.07644027764912065
4273,0.09032098648424325
4274,0.031092308241771463
4275,0.007325005513293171
4276,0.04980823897271658
4277,0.006371365348394512
4278,0.5494209875672749
4279,0.33672411570896715
4280,0.22704122767601406
4281,0.04638436198790098
4282,0.26735499606080587
4283,0.00691145773812155
4284,0.9724171419243295
4285,0.00689575919220403
4286,0.027679686381894684
4287,0.010135056436331764
4288,0.03769628601098235
4289,0.3933414217620213
4290,0.022879985539940164
4291,0.0038997853744492136
4292,0.018999165164230315
4293,0.04416675877886996
4294,0.9258570662927048
4295,0.925783669987424
4296,0.026950776895041488
4297,0.23803297613514135
4298,0.014103461384498101
4299,0.3648536273641864
4300,0.0012652290704299332
4301,0.19119816181652577
4302,0.06488412611596524
4303,0.00465069232599256
4304,0.003933577801605081
4305,0.03604364921472697
4306,0.3844544284755821
4307,0.7172645132356533
4308,0.7459247858563404
4309,0.020708808762662713
4310,0.29580855775651266
4311,0.029996538444663462
4312,0.0005308873781966777
4313,0.01888373190920568
4314,0.01391005661096514
4315,0.42204637555188196
4316,0.3914003336027054
4317,0.17360960726940677
4318,0.06729401214596194
4319,0.0007228267099610093
4320,0.2027446191460746
4321,0.0812034580870901
4322,0.013087650180021847
4323,0.7034468079199475
4324,0.054443367680912284
4325,0.17384569128869543
4326,0.19536324943785732
4327,0.0735490545266651
4328,0.07421703827787274
4329,0.014965656384335021
4330,0.02862567282608123
4331,0.03786085452867696
4332,0.08754999019377266
4333,0.06624529072721295
4334,0.6726767946857511
4335,0.36584578986868077
4336,0.6599883520454427
4337,0.029670093693414213
4338,0.008301259212793224
4339,0.16942058424801626
4340,0.0007793700352245542
4341,0.007468454545027582
4342,0.09848969372552707
4343,0.0031676912528804183
4344,0.08486405506278984
4345,0.7170037730628165
4346,0.3426585321291313
4347,0.011245191302875143
4348,0.44270176798817085
4349,0.02844180500104092
4350,0.22135789023140168
4351,0.005798303139276883
4352,0.15416740456747813
4353,0.011824012962469493
4354,0.003974341965956197
4355,0.0011828073944777275
4356,0.06464754945448492
4357,0.004585043410393914
4358,0.06361132888657656
4359,0.450064184768236
4360,0.14027367835329987
4361,0.004050345060547881
4362,0.46161311617922834
4363,0.6147134713224642
4364,0.7128488382237543
4365,0.7452326067497977
4366,0.048712272808995094
4367,0.010851606639291219
4368,0.5525270411578637
4369,0.053828910773495706
4370,0.26819020722520437
4371,0.022485145385787
4372,0.02960828755158332
4373,0.04847637816220047
4374,0.0029309231984018962
4375,0.6115406982437602
4376,0.15092302037941874
4377,0.015343129683240453
4378,0.0013890478730853712
4379,0.12624514798266087
4380,0.08006503978175034
4381,0.9768585358757392
4382,0.23889127488236891
4383,0.9854790108994689
4384,0.0554526038698345
4385,0.0066636258738920874
4386,0.030418155381385183
4387,0.19569806232934542
4388,0.4371206236960134
4389,0.23879956928898116
4390,0.003643340930625196
4391,0.035462005262182086
4392,0.06692094808205842
4393,0.05012036273441617
4394,0.040519367655233986
4395,0.3783443198958809
4396,0.00791687122207375
4397,0.025145412789277698
4398,0.023565060130337503
4399,0.01201919877744231
4400,0.0429726009585636
4401,0.001471604414754291
4402,0.0279258293914664
4403,0.000965127055374714
4404,0.003468133689927648
4405,0.025203823207737668
4406,0.9267385260213145
4407,0.013983256125445051
4408,0.0020907285141793215
4409,0.0528004959314505
4410,0.021849674925083398
4411,0.07131180475110603
4412,0.07402911138940356
4413,0.015379810971915485
4414,0.31241012557558195
4415,0.02816411100719486
4416,0.12592593720019085
4417,0.0427051548305467
4418,0.0067306668135498696
4419,0.6385100068513008
4420,0.6001670022607024
4421,0.1830075542300881
4422,0.011264345345729463
4423,0.8084371186114603
4424,0.012261028262230892
4425,0.0198852257502384
4426,0.09826266335915418
4427,0.5056639268120564
4428,0.0069463881631088645
4429,0.007146048463807368
4430,0.22179477088222696
4431,0.11175982277939131
4432,0.6106390543015652
4433,0.026362402252638376
4434,0.0951954935482106
4435,0.14672788406228107
4436,0.5040019996682149
4437,0.005211127672968829
4438,0.006708847048495495
4439,0.5915859863527254
4440,0.10282655632533824
4441,0.02885493870870889
4442,0.6326462190901376
4443,0.49972504737384427
4444,0.032862106665075434
4445,0.02234778531921814
4446,0.02834690211701617
4447,0.9909126940528179
4448,0.910308000929549
4449,0.011375430711918292
4450,0.047746795675700296
4451,0.019144115721133108
4452,0.09444554886836531
4453,0.28982072943434745
4454,0.003248682585710456
4455,0.03803772670856156
4456,0.20717409319424337
4457,0.11610478458296529
4458,0.0020579067922977755
4459,0.36535109585696135
4460,0.012869124358447228
4461,0.24879744553189634
4462,0.005544426651372431
4463,0.015078689972378259
4464,0.043183291204707326
4465,0.03224102793867874
4466,0.07637629684055051
4467,0.007165404593910256
4468,0.46627117319740286
4469,0.31694113778834077
4470,0.012644550319858517
4471,0.09190291195881364
4472,0.0863490105133487
4473,0.01594966579057824
4474,0.00219397281405339
4475,0.006403492720320319
4476,0.16645471301197304
4477,0.45387141213753845
4478,0.13394707803881947
4479,0.48378003940131603
4480,0.009291048427821766
4481,0.013275131397766819
4482,0.02984725819198179
4483,0.01169762418115273
4484,0.001062262385566153
4485,0.003905213033751682
4486,0.5123957067221072
4487,0.9463833576617363
4488,0.22822965045199517
4489,0.09956377418375703
4490,0.010968935186241788
4491,0.019803052130154642
4492,0.036761707800183424
4493,0.32544386282219434
4494,0.9528056172862115
4495,0.0028343028189434316
4496,0.01658163098337633
4497,0.33714525126822803
4498,0.0012752132984013957
4499,0.131566208942255
4500,0.01865909927965009
4501,0.4484573568019801
4502,0.0015532667970044084
4503,0.9184031967476187
4504,0.9217059364965936
4505,0.002508366791130729
4506,0.05457930251675496
4507,0.6309745705795432
4508,0.019600651432916116
4509,0.9943670536685616
4510,0.05689128383994276
4511,0.016131370060601596
4512,0.06901347054188875
4513,0.12930517442001122
4514,0.028195386263859413
4515,0.08848831892848612
4516,0.0695067308699065
4517,0.0032604810545270218
4518,0.05093233373734162
4519,0.22496749213782238
4520,0.1341206966831789
4521,0.05112282968292459
4522,0.34216010530456137
4523,0.3820469190861646
4524,0.05910281560988792
4525,0.7952861509255441
4526,0.07229761886099
4527,0.742155671796688
4528,0.13583292506688244
4529,0.9263484711793674
4530,0.0025990238674920836
4531,0.5014132679702953
4532,0.08108423687063324
4533,0.2617485446159097
4534,0.03639079335095597
4535,0.004346626397560721
4536,0.8146850532602068
4537,0.011619972121476639
4538,0.3358300190361004
4539,0.1888137344028403
4540,0.0009704102848891066
4541,0.2662223471162211
4542,0.003997164735740134
4543,0.09589928348633724
4544,0.3208502997254726
4545,0.9398117495411348
4546,0.706206469908867
4547,0.007947211082160429
4548,0.03747343870631561
4549,0.5937980431877237
4550,0.0023816366111577693
4551,0.1954957003990579
4552,0.021247500781066367
4553,0.08486633960232924
4554,0.04420670817060914
4555,0.3601951773662812
4556,0.02940141229578604
4557,0.7250581757806999
4558,0.007463694051448972
4559,0.27999935067918835
4560,0.16203587173955064
4561,0.010439743713747429
4562,0.10775552073192587
4563,0.016414156283444645
4564,0.0325235591873554
4565,0.032033520478305495
4566,0.016250796036325732
4567,0.11347604046280402
4568,0.018465825154044466
4569,0.8814174367711294
4570,0.0006913891322118632
4571,0.010883287713065945
4572,0.10583878085707134
4573,0.34681496404707535
4574,0.0680891949872857
4575,0.38877749530340877
4576,0.032590597628637
4577,0.002639886980020346
4578,0.3825122300656754
4579,0.30359186617894035
4580,0.2340775813073991
4581,0.916181152591465
4582,0.02781969668199527
4583,0.5324062012173193
4584,0.4674768916146683
4585,0.7012592914793799
4586,0.021524270364147727
4587,0.021110585985290944
4588,0.008123650927561092
4589,0.16711348877968862
4590,0.27701955132356193
4591,0.9484273092730717
4592,0.004261183148350304
4593,0.25895218295304395
4594,0.022481872258989344
4595,0.004761031585654203
4596,0.08499733568837282
4597,0.7603472384498091
4598,0.016997298020240078
4599,0.00154544668154121
4600,0.01065013399302772
4601,0.14581305843383807
4602,0.305146728493007
4603,0.008997803809716483
4604,0.7903230952184778
4605,0.003621807390455185
4606,0.13600260876158007
4607,0.010917166620897858
4608,0.9698753996856248
4609,0.9670404373654352
4610,0.0022079661294042412
4611,0.0037553620576903863
4612,0.13163309987409602
4613,0.14696615627208853
4614,0.14034033246687114
4615,0.23736955284514125
4616,0.07587611299965458
4617,0.06347438198213101
4618,0.09729857285421584
4619,0.021748786004257815
4620,0.2474509653972316
4621,0.9562452783612785
4622,0.004412541052708616
4623,0.24287793188944598
4624,0.27868754021441433
4625,0.1582713911051214
4626,0.0033559120726494927
4627,0.02258873249784085
4628,0.0014631948178542133
4629,0.018652847233960993
4630,0.0028951646278093167
4631,0.019512707129734366
4632,0.0014535719353993546
4633,0.26171388732170264
4634,0.31777994129712783
4635,0.029731360622096848
4636,0.030358186364775632
4637,0.027844475003941115
4638,0.008323769239706322
4639,0.7776866580615902
4640,0.10577424137785434
4641,0.13604052990106058
4642,0.08452573262967635
4643,0.957633493124118
4644,0.1739989116339737
4645,0.004963232791142344
4646,0.04905783483402726
4647,0.015082060230514206
4648,0.10621488640051648
4649,0.00382559247354023
4650,0.008152341358116792
4651,0.006639609006797552
4652,0.8360696721490138
4653,0.07337502767374542
4654,0.34582920673896633
4655,0.1095080343423806
4656,0.0008119239859820358
4657,0.8921595787722539
4658,0.9052236229291016
4659,0.3954190860370324
4660,0.009522331601088754
4661,0.007380498726745705
4662,0.16971732659050523
4663,0.004585555504826502
4664,0.1104582080702047
4665,0.002409000554417695
4666,0.043862047665890073
4667,0.5542707472517833
4668,0.005437276273493992
4669,0.01108260216244317
4670,0.003799255664441926
4671,0.007627957535299087
4672,0.009743500664945457
4673,0.5875777787180946
4674,0.05507934513257346
4675,0.01406178509355271
4676,0.05342888383556074
4677,0.019783051474847768
4678,0.09248570911389374
4679,0.7271905443320477
4680,0.9419005966335601
4681,0.01035215889652323
4682,0.05714204328122995
4683,0.4132541043600411
4684,0.057284048675695046
4685,0.27314562150853067
4686,0.11555199363226376
4687,0.5191689351012884
4688,0.06049114018206204
4689,0.3626788124099138
4690,0.009999495351825741
4691,0.013391950037594072
4692,0.09358050797507987
4693,0.14506846206541096
4694,0.02476755564920318
4695,0.08228560468145364
4696,0.012866467746326809
4697,0.02016218501841129
4698,0.6106542705968163
4699,0.8676370967960094
4700,0.7439605441126405
4701,0.0008399762496524528
4702,0.001983046786678289
4703,0.0022740316318854777
4704,0.0031796674628749295
4705,0.3709106825509129
4706,0.02642621754955549
4707,0.13950600668301347
4708,0.039125186714365656
4709,0.010272625483246015
4710,0.013696334481778948
4711,0.2510399676463572
4712,0.9657166846078348
4713,0.011737028401426354
4714,0.027181561274572733
4715,0.02656562357787188
4716,0.04166343798638663
4717,0.0053369917407830045
4718,0.016925050638194293
4719,0.02110231210601639
4720,0.9272642213256587
4721,0.8055714691330507
4722,0.5090414904762736
4723,0.02627861332207254
4724,0.009590514948808953
4725,0.0014396411507422112
4726,0.02378285576301821
4727,0.0015064198169581742
4728,0.546522580242994
4729,0.0047765353669734075
4730,0.9567279608068945
4731,0.5342264907274767
4732,0.005620765209419864
4733,0.2931481265024678
4734,0.036963895035429406
4735,0.030121807882804594
4736,0.06334998972896358
4737,0.00575769833093244
4738,0.2651517100819229
4739,0.26072222837359854
4740,0.051756638195268344
4741,0.009733319244498101
4742,0.012757245053705492
4743,0.020371885061885635
4744,0.4790519458305954
4745,0.0031358105520018836
4746,0.135951724151491
4747,0.8887507924031393
4748,0.006785211615606401
4749,0.019359668168898347
4750,0.006123742747809234
4751,0.015019724845024498
4752,0.5288246064533295
4753,0.001634436613605316
4754,0.8435672253215222
4755,0.018120190394521552
4756,0.013495946538804685
4757,0.02877841587386371
4758,0.11984889976274495
4759,0.05441484832555391
4760,0.147804581102467
4761,0.22817387879308487
4762,0.0015743354105973817
4763,0.05414608311522756
4764,0.01816409815314724
4765,0.48797661984299323
4766,0.009641679810915686
4767,0.010247229353279628
4768,0.005787061452217174
4769,0.0039902225786480885
4770,0.008237793117247458
4771,0.0023189691103983013
4772,0.003965358395958054
4773,0.09167589687438885
4774,0.0072448618343694034
4775,0.6989010459954614
4776,0.5815597866799804
4777,0.009668455330795142
4778,0.2659376662089086
4779,0.09763551717655017
4780,0.022273501117471412
4781,0.017813795456802235
4782,0.04977991550812726
4783,0.004396341456707462
4784,0.9689285510391205
4785,0.009429224842407774
4786,0.0028187933417318715
4787,0.08999252954133202
4788,0.005284067256960279
4789,0.0011362267069065237
4790,0.14121707360563382
4791,0.002111870660159814
4792,0.016718198593745813
4793,0.05283984150242235
4794,0.01764736542732321
4795,0.033327335422470426
4796,0.16250753453455394
4797,0.3129831796277117
4798,0.5020208112499276
4799,0.13564153162705156
4800,0.01744577630392072
4801,0.042044801400889
4802,0.7149648855629713
4803,0.8268667527649451
4804,0.5771695873438363
4805,0.1269748857919093
4806,0.10751688878159077
4807,0.019609800141235187
4808,0.18607703434843087
4809,0.01176730090494825
4810,0.05464531788990251
4811,0.06552331350532438
4812,0.06800161276504542
4813,0.007118773317792999
4814,0.12451278213345834
4815,0.9493547836248034
4816,0.0021555534928070887
4817,0.6570388664062732
4818,0.0024244990539120303
4819,0.09875588840081333
4820,0.1332559156932303
4821,0.8123388855316205
4822,0.00225104062133443
4823,0.09756861665158469
4824,0.01587995669491056
4825,0.003445178042595875
4826,0.18358809073395618
4827,0.022793932630545924
4828,0.9616364627045592
4829,0.014431605008352683
4830,0.02951743351309093
4831,0.04876493284996137
4832,0.3737820720054661
4833,0.10899998788101671
4834,0.9422623426709635
4835,0.0029370784095148965
4836,0.20247002981642961
4837,0.15726756881039167
4838,0.5445986672127424
4839,0.1777611212467335
4840,0.002831611816464756
4841,0.5210269959449673
4842,0.4121659977528243
4843,0.11126690701181101
4844,0.35834012918513863
4845,0.5877996954628334
4846,0.01049838390615358
4847,0.35892680024377865
4848,0.0032834049679788045
4849,0.2627733986702901
4850,0.4382818091571172
4851,0.011832394323594507
4852,0.0030568962766985568
4853,0.566214615041007
4854,0.27411876944567026
4855,0.009394773761782849
4856,0.0023948225443467283
4857,0.003290949061085669
4858,0.005422780020979355
4859,0.034640823053823544
4860,0.01235753243258905
4861,0.06709519629427964
4862,0.5786943685598445
4863,0.2615963700166268
4864,0.014870534263714527
4865,0.009513893973805247
4866,0.0036062409378913164
4867,0.005959384305875789
4868,0.2962725686505426
4869,0.9640832313152247
4870,0.3951237065443924
4871,0.13035821742646136
4872,0.0198202423467211
4873,0.009775842182469453
4874,0.3538764286034532
4875,0.04537415990952505
4876,0.3646843081148043
4877,0.0027909568661402488
4878,0.535954439861383
4879,0.20511185400030496
4880,0.3357221513946974
4881,0.00920034263152958
4882,0.13328429025528962
4883,0.5018295981440792
4884,0.04172018228816462
4885,0.9673538224094197
4886,0.07741054009466057
4887,0.06552769245645691
4888,0.6769799397143069
4889,0.00896257249382078
4890,0.13934108677608517
4891,0.39416381127245614
4892,0.18751217385599048
4893,0.026703558354667208
4894,0.5313578378233165
4895,0.971730477337656
4896,0.0026459558950193266
4897,0.85679987979504
4898,0.363738633857141
4899,0.10590247262738411
4900,0.05164431552847374
4901,0.4832194521979798
4902,0.0265453878008955
4903,0.46785615165636546
4904,0.00506424422719108
4905,0.04676498268223636
4906,0.28881845389023175
4907,0.004791551465623945
4908,0.03058768784126313
4909,0.020974568136723857
4910,0.025443693377631086
4911,0.24925841532148832
4912,0.4095910965278328
4913,0.014057163959355664
4914,0.3003519426854147
4915,0.20029414763301334
4916,0.062264382535058733
4917,0.011221525809432531
4918,0.10115427896051177
4919,0.08512567706778416
4920,0.29946633038089626
4921,0.004330098303146492
4922,0.0064600720594729715
4923,0.006388968972800824
4924,0.027199254826882138
4925,0.015054347974578485
4926,0.004242532767597872
4927,0.036936629921226725
4928,0.02698625127891948
4929,0.12799428381291086
4930,0.004272126716216943
4931,0.19801728068552876
4932,0.13025961182576704
4933,0.10654015427315609
4934,0.7416771427736757
4935,0.04444040809880241
4936,0.0009517512423000581
4937,0.10507390575942711
4938,0.5589372894205731
4939,0.007650456227790956
4940,0.23080970963708203
4941,0.011091211317649168
4942,0.15842341111322683
4943,0.8552160056647287
4944,0.0217311963897216
4945,0.024401255181164892
4946,0.030627392928845597
4947,0.20517417753884715
4948,0.027256270034784987
4949,0.005744304058436144
4950,0.17636066264508132
4951,0.6271743810158062
4952,0.006533117479323447
4953,0.9402696865263549
4954,0.11864981182169676
4955,0.0011550634081197897
4956,0.41082128106304194
4957,0.009758067322177388
4958,0.013484242325501996
4959,0.012746296343857374
4960,0.0189925434064404
4961,0.6258520568213477
4962,0.14447386738380597
4963,0.49537650044845544
4964,0.03158748566459155
4965,0.13602441501088255
4966,0.03526299250668509
4967,0.2530122057723033
4968,0.014634450264442501
4969,0.09167847520071792
4970,0.003596410096005745
4971,0.01467385309274303
4972,0.10999234523073628
4973,0.0029968933157465964
4974,0.4493856601101693
4975,0.0036858690750788798
4976,0.7584023910794584
4977,0.00781854560243802
4978,0.8412217991353295
4979,0.06958420414303819
4980,0.09685528903296504
4981,0.07892496910917145
4982,0.008620768643287402
4983,0.14859824381576262
4984,0.8065653731670044
4985,0.006517259240342579
4986,0.6182055872689862
4987,0.026395939447833205
4988,0.11512654492200103
4989,0.10802494769603774
4990,0.23295523108502109
4991,0.067406462299364
4992,0.01714723130947826
4993,0.5165431872430962
4994,0.0006774943690464111
4995,0.005710681874398996
4996,0.025622923696204048
4997,0.03008656426854355
4998,0.0654278523919355
4999,0.03826957134824327
5000,0.6045408865734608
5001,0.005630484338246862
5002,0.1399321672127036
5003,0.1301198785659824
5004,0.1878770186940689
5005,0.010640118676332683
5006,0.018170062615478565
5007,0.014858526065601965
5008,0.06039218771657467
5009,0.18702271569600268
5010,0.9516034866657755
5011,0.023693315856342934
5012,0.003051167845097982
5013,0.0069618240390293
5014,0.14742712361349533
5015,0.25197234919992956
5016,0.006385263048711143
5017,0.2410473879264669
5018,0.984349231107699
5019,0.5839024833878836
5020,0.03328158854115073
5021,0.03412793843935472
5022,0.008974702968752189
5023,0.9942560870345307
5024,0.024292215030437908
5025,0.007226714798001174
5026,0.01990774859366431
5027,0.027858373703445332
5028,0.7611615891592142
5029,0.3891648538591813
5030,0.0831801892223622
5031,0.0012243822044503557
5032,0.030505419823445706
5033,0.3911100727022978
5034,0.7391359480964381
5035,0.016828829932499588
5036,0.052693152172632825
5037,0.15970798341665896
5038,0.04270557931788124
5039,0.41934447217642784
5040,0.01406976849539754
5041,0.05889380608259501
5042,0.8378012009909196
5043,0.005742597840407901
5044,0.20109315931742405
5045,0.028572071923795846
5046,0.06955556195319752
5047,0.13177716855138044
5048,0.029381930527294167
5049,0.07588067418010129
5050,0.9909526935017764
5051,0.6971451408264037
5052,0.15166773721882343
5053,0.843101548596331
5054,0.033765857530283244
5055,0.4926771244282762
5056,0.4787060427564992
5057,0.010563556641881139
5058,0.011187975041761038
5059,0.1722886293453229
5060,0.006340945158195474
5061,0.20834980110864806
5062,0.6930296427722641
5063,0.04868205878650247
5064,0.10694143490313368
5065,0.001383380029977033
5066,0.04812421797096213
5067,0.10118378823090067
5068,0.34900505441845836
5069,0.0584902839194187
5070,0.593885369443034
5071,0.015570931156897061
5072,0.007023405323846219
5073,0.0014428152610524059
5074,0.008434195469633667
5075,0.030445571512492758
5076,0.8032948757474353
5077,0.12356125366920714
5078,0.011951438448760267
5079,0.24847401766659533
5080,0.011444782838162436
5081,0.01205642287526306
5082,0.9835499525700632
5083,0.0019595463652756057
5084,0.6100257813850422
5085,0.024056187232556574
5086,0.01896121977973429
5087,0.8879519794701054
5088,0.008366863966993564
5089,0.6203798797437879
5090,0.3876746373401763
5091,0.8918479784841123
5092,0.3638346223233266
5093,0.02648925707344463
5094,0.02680884425621829
5095,0.0036717876263169724
5096,0.030033609202987917
5097,0.22209492176034898
5098,0.34207077222715054
5099,0.09793214693889613
5100,0.003930693959729739
5101,0.40912746244532594
5102,0.0011990507576376437
5103,0.011001659480754425
5104,0.07007486120299211
5105,0.12798046797038604
5106,0.012638616317840553
5107,0.015330558597564738
5108,0.03902565983826495
5109,0.19213928954779905
5110,0.028261860999803344
5111,0.2413947773741479
5112,0.009647579348274059
5113,0.06454808913389531
5114,0.005763644867375606
5115,0.18017143601988836
5116,0.4109614455015168
5117,0.028045376491897974
5118,0.0006301684135739915
5119,0.25898950223513706
5120,0.04613711758437824
5121,0.012431046382617845
5122,0.1444391660831083
5123,0.0006103517129751782
5124,0.8630992486815552
5125,0.4528289560138566
5126,0.9055790052811615
5127,0.03094926210293706
5128,0.16866512223425895
5129,0.003911195041166619
5130,0.24295971407611863
5131,0.0055728990998540895
5132,0.007523290799935321
5133,0.1345882945921732
5134,0.41063535282084446
5135,0.016331521500576898
5136,0.008031678137836475
5137,0.06513641800529398
5138,0.7125579222057482
5139,0.8553498123784468
5140,0.13017520613411576
5141,0.2948642628673291
5142,0.00148722348017103
5143,0.04282366756929349
5144,0.1263258277871447
5145,0.9011221881006053
5146,0.2394488844850214
5147,0.26608840561606434
5148,0.8302949818394197
5149,0.7331121622986186
5150,0.020056682312616918
5151,0.09395149746969123
5152,0.7152209963681977
5153,0.09885106427903018
5154,0.0033912316930795653
5155,0.9586554858164337
5156,0.21168145294503574
5157,0.42539822228548607
5158,0.026596347069130947
5159,0.014344338306547237
5160,0.061810785795770096
5161,0.05042003992137642
5162,0.002734962616990177
5163,0.07900737935521229
5164,0.5018281175138021
5165,0.0074381673602382774
5166,0.03945280783018498
5167,0.01569825381513697
5168,0.02392868916144452
5169,0.11269941809529967
5170,0.05923668213696563
5171,0.05178660652659521
5172,0.5812875026913812
5173,0.44794453453340916
5174,0.003223651372535982
5175,0.05784862364587959
5176,0.06903023561963002
5177,0.002961551836364985
5178,0.09106836190771551
5179,0.1903590748486905
5180,0.05368044099557394
5181,0.061140777097998436
5182,0.003368897929696432
5183,0.036876295690705996
5184,0.8220388172478275
5185,0.004037853814972519
5186,0.8617658746041768
5187,0.040634630186432326
5188,0.07821391327031829
5189,0.005532007279631739
5190,0.18195501049082505
5191,0.008012406857071934
5192,0.8119805586035133
5193,0.022528391301728578
5194,0.039350541342802005
5195,0.0008369447790733624
5196,0.01951077666027037
5197,0.009591530859789024
5198,0.004019236897399319
5199,0.23293435778079205
5200,0.3880481234395163
5201,0.06239810849771417
5202,0.014777370588045216
5203,0.005949037082441235
5204,0.033211914494025406
5205,0.0006305862217666267
5206,0.6377282202828916
5207,0.007848973051011501
5208,0.012368697690464472
5209,0.023216066374298714
5210,0.0021866615967292475
5211,0.6238312453997163
5212,0.015522408712022494
5213,0.00853524919222305
5214,0.1418630221802397
5215,0.15744439223207873
5216,0.0063620462261404515
5217,0.1360231156104434
5218,0.009288379225672912
5219,0.11300149561164428
5220,0.0852496714001514
5221,0.5218780459535518
5222,0.05064544991654809
5223,0.020478871935408434
5224,0.040732862384772354
5225,0.5402569414890239
5226,0.944483381421603
5227,0.005898563960336514
5228,0.004483418718941812
5229,0.3764096386507977
5230,0.3267282918120841
5231,0.7148295751500274
5232,0.019133135109453716
5233,0.3139794558183832
5234,0.0031931859984693804
5235,0.2302353237692388
5236,0.024253623421687846
5237,0.04050245212154528
5238,0.7562274573652581
5239,0.029428260345260828
5240,0.5249109768071528
5241,0.007581043125904611
5242,0.6991341828886685
5243,0.057541328046453455
5244,0.7798149188477109
5245,0.002078216990249621
5246,0.011827272669869356
5247,0.5305437015132918
5248,0.008276699065655231
5249,0.839328038902544
5250,0.21032681144711954
5251,0.941331106151316
5252,0.19332033223998296
5253,0.3656911032562841
5254,0.01381306647996266
5255,0.29109297231278997
5256,0.6738064443861822
5257,0.02069863590633601
5258,0.09208956524674715
5259,0.08377497088936214
5260,0.048037463026993035
5261,0.0797766636604209
5262,0.02398867187310478
5263,0.052585102373066836
5264,0.00486187357476794
5265,0.04899904119840074
5266,0.5412605582805502
5267,0.11855373051986773
5268,0.006460466181163457
5269,0.7315887143968954
5270,0.625669816481593
5271,0.016506669250266087
5272,0.04938243755575322
5273,0.007045889209791512
5274,0.0174095843523138
5275,0.07061547024267606
5276,0.003245068713337688
5277,0.001580612016936786
5278,0.15740540213090715
5279,0.4910655190910629
5280,0.10056099864727427
5281,0.0029938001668910054
5282,0.1122512954943645
5283,0.26387570953307465
5284,0.006226216264479467
5285,0.0067328955351693654
5286,0.027508644418962613
5287,0.0033409427135835178
5288,0.015444750330659757
5289,0.029439949199212858
5290,0.08263978991016471
5291,0.49895933709316265
5292,0.4179820696940299
5293,0.04094542428328015
5294,0.08883092055325507
5295,0.04376226396514501
5296,0.006234524167339936
5297,0.18578786212926007
5298,0.9095066317286429
5299,0.00650290332050457
5300,0.24545245210465305
5301,0.0020657443195859428
5302,0.0055201010281130435
5303,0.7126662212590879
5304,0.007540548263108592
5305,0.9452007922768492
5306,0.7422276687415833
5307,0.0034999096714257525
5308,0.008387926697862131
5309,0.564551771996446
5310,0.11040940969115196
5311,0.49035717534020606
5312,0.5173714979544989
5313,0.4429199493672695
5314,0.3952344091490201
5315,0.007845435581733201
5316,0.14808999958684643
5317,0.02506979356639386
5318,0.0042369909201223094
5319,0.05365522615426055
5320,0.12929448894608894
5321,0.11233552456942106
5322,0.5800323367429593
5323,0.0015676236965222756
5324,0.002491905732424992
5325,0.017935364961738795
5326,0.29216649209020895
5327,0.015901482167086114
5328,0.0008992947462029021
5329,0.29448623056730516
5330,0.09253781743552007
5331,0.11712597514286828
5332,0.009237601975978652
5333,0.4547646213504854
5334,0.032114101997813706
5335,0.003713830036599273
5336,0.024544511922410972
5337,0.04412156255476587
5338,0.027755157897325525
5339,0.0065808079579395325
5340,0.2414065815111236
5341,0.4043937497901386
5342,0.2427910591053734
5343,0.0413554405868926
5344,0.8469531960893127
5345,0.6264793427374472
5346,0.0033250708032186932
5347,0.0033852058456918083
5348,0.06666709169327546
5349,0.0026378305643504894
5350,0.0445248330849437
5351,0.007159598295928077
5352,0.013405552048393159
5353,0.2948069392400811
5354,0.03882966123159252
5355,0.0017600640791825938
5356,0.006991223418476368
5357,0.0069592090493909775
5358,0.19827150245748285
5359,0.6326394840192999
5360,0.13305220551155017
5361,0.015285197423544656
5362,0.1536502239646692
5363,0.5810175437241583
5364,0.7200308784565507
5365,0.24995402765831212
5366,0.05582947470392028
5367,0.0969405681758578
5368,0.0131082848492548
5369,0.5331676867442746
5370,0.009626820605985572
5371,0.09836390484782459
5372,0.02155308420061598
5373,0.0369248862883361
5374,0.9031991041683692
5375,0.031936846367851025
5376,0.10389796293648002
5377,0.007773779453797209
5378,0.2977620269504096
5379,0.07768054849479376
5380,0.004567994700941903
5381,0.08564401597331021
5382,0.007276695128841064
5383,0.011640579213395506
5384,0.016102774433556507
5385,0.5592336818568602
5386,0.04720946438502998
5387,0.7809044640746668
5388,0.787601539299089
5389,0.9188894572484311
5390,0.782044624563173
5391,0.969567403010228
5392,0.06639454014387286
5393,0.3301380299799403
5394,0.6563154383022092
5395,0.020678206600063437
5396,0.7305580313116914
5397,0.19256353612045451
5398,0.017990775119392857
5399,0.03261991771894643
5400,0.8845317881446869
5401,0.7335974114314755
5402,0.11199912576294119
5403,0.7275437008328702
5404,0.34591539428700013
5405,0.0018220246292665033
5406,0.09505990151501438
5407,0.0017939778687172357
5408,0.24326609747108935
5409,0.6576349016198691
5410,0.07683858919754144
5411,0.018519859070802485
5412,0.05574201009269697
5413,0.12376514811152217
5414,0.059270800613996345
5415,0.05968602319522425
5416,0.003705985346097518
5417,0.7817923471107393
5418,0.056424924812482194
5419,0.08776766130990118
5420,0.6256169217305435
5421,0.048974289192636765
5422,0.35527862255451775
5423,0.502566851073653
5424,0.0042909999000739895
5425,0.031101051184894975
5426,0.386818780998026
5427,0.007097897336971016
5428,0.0010189647057375867
5429,0.052012707717580625
5430,0.08139444939954672
5431,0.17187166059780892
5432,0.003581573748418397
5433,0.37093371210328324
5434,0.07615612979604262
5435,0.44749832138587675
5436,0.21384099140651436
5437,0.1466305105537929
5438,0.002781061006444933
5439,0.00902735219805207
5440,0.24734865750600238
5441,0.00813745901561849
5442,0.3084284375586205
5443,0.017663633787809937
5444,0.02875149681045293
5445,0.007940537652316136
5446,0.6025182186712172
5447,0.24344539595368864
5448,0.026325451665682235
5449,0.3683697636593589
5450,0.8324297868567517
5451,0.2084147535727809
5452,0.1756404163306397
5453,0.33817416382482773
5454,0.0054632457641789435
5455,0.005228880031668192
5456,0.6013916575389995
5457,0.08083773529600467
5458,0.019292768814114916
5459,0.010517352981214373
5460,0.05969891964611662
5461,0.5240154952354803
5462,0.027152287382178158
5463,0.09108180707437848
5464,0.036817812685278305
5465,0.004031730692138786
5466,0.13609560618579344
5467,0.010432048457749532
5468,0.8053362033675793
5469,0.05907954368342093
5470,0.6485630953750042
5471,0.2326204146576227
5472,0.007889998230158408
5473,0.14342734782361985
5474,0.06092596666544976
5475,0.999562230202032
5476,0.0021580658650550357
5477,0.04564457306716148
5478,0.28794603164520405
5479,0.0706413436748662
5480,0.01486099025900493
5481,0.0761096810505632
5482,0.11636650597208704
5483,0.39076095044145115
5484,0.0030006540886003573
5485,0.9309159000456969
5486,0.8329096922597462
5487,0.8142555129336069
5488,0.0046941845395782195
5489,0.08525829176555016
5490,0.005915795471408389
5491,0.5612820934112147
5492,0.051745042466550845
5493,0.12162832751198828
5494,0.28048358526852135
5495,0.06999411169975547
5496,0.0034684278175761496
5497,0.13342436814055608
5498,0.003692704803829581
5499,0.037021254779147986
5500,0.0135209960510582
5501,0.003315080826747862
5502,0.20990161838952995
5503,0.6212210187839413
5504,0.032411509648497504
5505,0.30223407197427987
5506,0.08203111351488722
5507,0.6672827917923266
5508,0.0047492732771849365
5509,0.06671409276523309
5510,0.5395302133890181
5511,0.05174351491110056
5512,0.0664093348178382
5513,0.005585421878878992
5514,0.24216181767250886
5515,0.01576367117599107
5516,0.5592900885868771
5517,0.38251410019602505
5518,0.015584713522039287
5519,0.17578715393639394
5520,0.04968633040187968
5521,0.06495414223929896
5522,0.030150002529242333
5523,0.008526479275043488
5524,0.10685402259596935
5525,0.7934013888821431
5526,0.135064509993272
5527,0.03165072438662396
5528,0.006400041253923876
5529,0.027368638828202264
5530,0.10815857247479677
5531,0.19884937055386023
5532,0.007856148885805056
5533,0.004273377063249281
5534,0.02638560007760071
5535,0.4298523175030623
5536,0.7521301277745674
5537,0.00551581861154675
5538,0.017253523387781796
5539,0.11232995458597389
5540,0.015181543812181184
5541,0.0043583400079177876
5542,0.019577684124612763
5543,0.13439295230440404
5544,0.3423647593555513
5545,0.01844658334173751
5546,0.2021834391913179
5547,0.006135827382694645
5548,0.011090893520052027
5549,0.48762937259676126
5550,0.013888652736993284
5551,0.9293049812025109
5552,0.0016844801084734708
5553,0.006563805156359311
5554,0.033749492790661584
5555,0.5810768052271323
5556,0.009068392202674136
5557,0.010297834163128374
5558,0.010002859180857197
5559,0.3475471693703335
5560,0.01071620395821706
5561,0.29258679050382036
5562,0.03391933969040132
5563,0.005948749478432628
5564,0.005030930742455852
5565,0.010448502186272178
5566,0.44860403355998946
5567,0.007599158637209145
5568,0.057794424590894074
5569,0.17747559024824106
5570,0.00060323366119968
5571,0.02191837450711442
5572,0.017632883442879686
5573,0.9182468219124577
5574,0.8809440162263598
5575,0.01193518480407275
5576,0.28144636063248524
5577,0.005656599179634711
5578,0.567305027242185
5579,0.18672544505598906
5580,0.5109788290244921
5581,0.9875731785043733
5582,0.22502021825949167
5583,0.016033914724457376
5584,0.011202918436069097
5585,0.2366800190635152
5586,0.9815908734463965
5587,0.4353305494821653
5588,0.004941764535954555
5589,0.7906970058808778
5590,0.021980582808628538
5591,0.11610490291562729
5592,0.0033496540450950346
5593,0.02147795470208382
5594,0.561459373376394
5595,0.04707150002179793
5596,0.42928473997027566
5597,0.005949435553165608
5598,0.9712800218885962
5599,0.00524196132170985
5600,0.019683617637988662
5601,0.3291728016757817
5602,0.016383815822943616
5603,0.23499809604382024
5604,0.6551545407627921
5605,0.5868960493475299
5606,0.42346721850022284
5607,0.9370184133465681
5608,0.00457909487690313
5609,0.0633832536031748
5610,0.06545396556608273
5611,0.0034042750162640543
5612,0.01295561908883821
5613,0.004656704750071952
5614,0.005769597185341515
5615,0.5662693950987672
5616,0.02052182559213031
5617,0.013178325586053379
5618,0.025719780988527292
5619,0.18351574089138017
5620,0.30123555486972375
5621,0.2729884064925953
5622,0.12953635829046292
5623,0.01658492334270443
5624,0.027392765639960445
5625,0.09206292838110004
5626,0.013294984291379416
5627,0.2566969348310462
5628,0.5461446140662922
5629,0.15891407953358302
5630,0.011428604440197722
5631,0.031767886500775736
5632,0.39894497051437483
5633,0.17148295754557
5634,0.15777138468123098
5635,0.07197426890706568
5636,0.8011750967496513
5637,0.1962021365745239
5638,0.007713960627733178
5639,0.3005765566836579
5640,0.06058125471293402
5641,0.013251994445148898
5642,0.16000915925400747
5643,0.10453722481996534
5644,0.9745718598726272
5645,0.3249260260650141
5646,0.3009734036438844
5647,0.0014974491623707584
5648,0.006789527906015365
5649,0.019537568102100278
5650,0.6092314827262149
5651,0.02724844176329152
5652,0.03662726078565286
5653,0.10386653214109264
5654,0.4008412087243581
5655,0.012119756469713864
5656,0.018497453395575857
5657,0.2097836680614647
5658,0.18417890773152068
5659,0.11813377359431404
5660,0.46033150127618744
5661,0.12800558207329124
5662,0.04315896877078197
5663,0.035064174734735734
5664,0.21575792282286207
5665,0.005097257829366565
5666,0.010005327516347015
5667,0.027797802974322095
5668,0.05770063125949375
5669,0.8110817249975901
5670,0.027982128299991436
5671,0.5949043236415246
5672,0.24073459983609452
5673,0.023368421055237898
5674,0.13708538239967505
5675,0.9342198599240943
5676,0.00788090349619413
5677,0.018109290785922074
5678,0.21007465322742275
5679,0.016749346559673268
5680,0.001789858561591119
5681,0.15238755737660023
5682,0.0028041252807991324
5683,0.02043997297812647
5684,0.1907912432641816
5685,0.02749179333652259
5686,0.013397305330754724
5687,0.19177921810931597
5688,0.034950944558249465
5689,0.0020768982509895523
5690,0.014479830682334056
5691,0.8273642807807973
5692,0.029909378660329184
5693,0.037698897182953
5694,0.7711783736851776
5695,0.9622527693420628
5696,0.0006062782549674869
5697,0.0064341627267309135
5698,0.0019521408376676846
5699,0.10810310629352307
5700,0.07389963377056769
5701,0.9085571209377795
5702,0.5969642061845678
5703,0.9959808855587722
5704,0.014363608747903255
5705,0.8894278995689269
5706,0.3571728862158806
5707,0.21988554810352542
5708,0.0011059692995357845
5709,0.04938938888235036
5710,0.06771614705241649
5711,0.0013067052996063434
5712,0.1480234681932592
5713,0.9619030218531621
5714,0.6200897481737018
5715,0.6207207230760535
5716,0.1552999997185298
5717,0.7878679886062104
5718,0.22676598644811832
5719,0.011218754619588996
5720,0.007908838926095467
5721,0.1363074219308883
5722,0.23961960492394338
5723,0.14070638513568198
5724,0.0017931409235516895
5725,0.6986587438846104
5726,0.9611320957939108
5727,0.0426192631617596
5728,0.0012317058349459423
5729,0.08517949542272245
5730,0.9963451140351595
5731,0.6976613994603368
5732,0.02547613938747336
5733,0.48867091812384267
5734,0.007427489062309713
5735,0.004303158757421961
5736,0.2920861031060638
5737,0.14208570757751424
5738,0.022738577953131896
5739,0.015329129210425898
5740,0.09038704098697208
5741,0.6881367853697019
5742,0.9317260131950592
5743,0.013215037205773949
5744,0.47880227026913513
5745,0.054893005765079016
5746,0.0025815960507551954
5747,0.008891538755175584
5748,0.3270941688953441
5749,0.02370927899910379
5750,0.0008318240144104083
5751,0.027068893068367992
5752,0.9104342259081633
5753,0.002449384681786899
5754,0.014964936520749948
5755,0.046111369936647266
5756,0.103443877125227
5757,0.09116481266889583
5758,0.2033487782801793
5759,0.28039302205870015
5760,0.01336087012572114
5761,0.9441751753254785
5762,0.061852265566641446
5763,0.008142557193292956
5764,0.03680818093451076
5765,0.013629223381818954
5766,0.022140617704893017
5767,0.2836209819308197
5768,0.7366739834614036
5769,0.06602696810135178
5770,0.010156128564931293
5771,0.18504037311547417
5772,0.0063885680239877535
5773,0.014105884326348697
5774,0.01688559481916109
5775,0.010033187522572968
5776,0.750782154306284
5777,0.018273525580297597
5778,0.001240104690504947
5779,0.002538926241660737
5780,0.03655180392473876
5781,0.5585692684723164
5782,0.04142469437091497
5783,0.006591250784288455
5784,0.12318035672257871
5785,0.07525054361135274
5786,0.018276867814460328
5787,0.9742013409970193
5788,0.003217448582396923
5789,0.15781064665068606
5790,0.09151472456625592
5791,0.015269855220561897
5792,0.033744792268301495
5793,0.07203770600075243
5794,0.07686994236287296
5795,0.8349490035363026
5796,0.45968944291652764
5797,0.45345054285582975
5798,0.005548189686204554
5799,0.07804074213875414
5800,0.06973278604128534
5801,0.0029340702173424327
5802,0.0036909092587487998
5803,0.04120715859158319
5804,0.11011695396208408
5805,0.1905175424400271
5806,0.5611937901417855
5807,0.056391226103249044
5808,0.3974785016854213
5809,0.9414034089078511
5810,0.8002061942416638
5811,0.6339860268944494
5812,0.0008901097459713388
5813,0.020471150294931274
5814,0.021922767023757114
5815,0.019738682979702642
5816,0.7498332139991147
5817,0.02773475540774763
5818,0.006950716550206344
5819,0.8819431603224402
5820,0.03376972613670736
5821,0.05477807255963199
5822,0.13205510090949998
5823,0.872875406192786
5824,0.00033620704408151496
5825,0.16682574041638631
5826,0.012937574389823774
5827,0.06953089910521723
5828,0.004557887889905131
5829,0.011907665033127198
5830,0.009655711005481259
5831,0.002963992502092751
5832,0.3695424610979218
5833,0.06049683637735556
5834,0.019167881653214907
5835,0.04228193214145535
5836,0.08562331292474655
5837,0.0047349246389897185
5838,0.010283673986350453
5839,0.009288638710837778
5840,0.0037035175646660283
5841,0.005704075933891544
5842,0.20252021844118342
5843,0.03410125452843288
5844,0.07321993369621403
5845,0.20852353154480555
5846,0.08430770430358556
5847,0.05624173712018921
5848,0.0208991068639395
5849,0.006537059716102536
5850,0.2745944957359023
5851,0.007574421507052251
5852,0.009628185409338099
5853,0.7643081815965762
5854,0.035700896850487725
5855,0.008170268685429766
5856,0.11100269983103282
5857,0.01664396133107856
5858,0.004837634482602085
5859,0.08430422968509271
5860,0.04583893239180371
5861,0.034205149589300765
5862,0.005232757522625692
5863,0.03268635993430548
5864,0.004706122810496717
5865,0.6223065139547475
5866,0.002399785295540136
5867,0.3190159054221131
5868,0.039319135783767174
5869,0.2942133389773049
5870,0.24396063075382493
5871,0.0034947755331126073
5872,0.03527748796295737
5873,0.05299935502405689
5874,0.00472082775220066
5875,0.009219860715244041
5876,0.01626961434598464
5877,0.0747504113854913
5878,0.789621380901607
5879,0.012381820596399584
5880,0.6346232141728851
5881,0.020795382180365068
5882,0.5937156653563652
5883,0.03135987728087878
5884,0.8752521785621484
5885,0.5196994874294134
5886,0.6073993330950679
5887,0.0024326013994577372
5888,0.07815933144184352
5889,0.005606310868383299
5890,0.6507883117645032
5891,0.0751928934539995
5892,0.028671005196186095
5893,0.0015614839007800192
5894,0.11744169347724953
5895,0.004760458199702306
5896,0.033685483894134984
5897,0.30385977570613815
5898,0.8153251121269413
5899,0.6637307420452448
5900,0.005040102785443627
5901,0.9441116733554693
5902,0.018876500286447023
5903,0.04962388466031815
5904,0.23416436061376472
5905,0.19764384383498526
5906,0.026327462802609846
5907,0.07162652933883583
5908,0.004838005040151456
5909,0.07844904634050565
5910,0.37077725313336596
5911,0.005525517236385051
5912,0.30474018774707706
5913,0.008310368235393115
5914,0.713663833517449
5915,0.009910100902738595
5916,0.08245184804853307
5917,0.0011792531768275176
5918,0.0044417614212900886
5919,0.2825715325710595
5920,0.20182498886713626
5921,0.5260960585371439
5922,0.017353676489953427
5923,0.0924997751873714
5924,0.017361516695246517
5925,0.00043824936605289664
5926,0.06879730779784125
5927,0.2527121302097612
5928,0.28625192351873296
5929,0.6215238246066832
5930,0.8116407964406357
5931,0.9860579235251855
5932,0.02656318157095068
5933,0.1313659215965528
5934,0.08001577033340322
5935,0.5981812933576257
5936,0.006196177899749742
5937,0.05618236389925428
5938,0.03430554958954701
5939,0.2756794184676612
5940,0.10346488586187128
5941,0.0011094400835022166
5942,0.011645926535914293
5943,0.0032996682172497607
5944,0.05597441976380925
5945,0.6574828108599072
5946,0.0126303412952852
5947,0.20270235247488383
5948,0.7991184404116444
5949,0.01087840903206383
5950,0.6471822863919282
5951,0.0018401643987335295
5952,0.04003522072822141
5953,0.030275933860554508
5954,0.004855070680121969
5955,0.05453242587509371
5956,0.19905945878228998
5957,0.004226878625657874
5958,0.0024603905959537996
5959,0.012463766658808583
5960,0.0016356610058259654
5961,0.07434428113719262
5962,0.04787864615211884
5963,0.07738934405888112
5964,0.027063011230049637
5965,0.39873747103421053
5966,0.5056189682834589
5967,0.011410043046506214
5968,0.1703051275419187
5969,0.04121299230586002
5970,0.011113987613192397
5971,0.029967717882635705
5972,0.01899886007807033
5973,0.2975206818175728
5974,0.004652108812378862
5975,0.984994320560537
5976,0.015904862383837415
5977,0.5704674884951939
5978,0.016191897452660746
5979,0.00618490667797618
5980,0.17550773611789605
5981,0.014772296952700903
5982,0.1288483485649016
5983,0.023686098011493836
5984,0.9902303351157901
5985,0.08556008707528405
5986,0.15675346882681937
5987,0.05387999976066371
5988,0.5503274729352763
5989,0.9297339171174084
5990,0.5329425793190652
5991,0.002558827624982588
5992,0.01190966780662844
5993,0.6946502633693686
5994,0.14732595754481298
5995,0.013794426957394463
5996,0.06472545320483522
5997,0.11464334932143837
5998,0.7866701964118868
5999,0.19883544306059658
6000,0.2635705254350006
6001,0.025290382963344325
6002,0.048888487774510415
6003,0.062057440822994234
6004,0.04934525578469998
6005,0.47662142588139456
6006,0.32606044408145973
6007,0.021291342726017463
6008,0.10418682476307738
6009,0.01895828405073223
6010,0.0014588120683285773
6011,0.04358693811235934
6012,0.004317907796218229
6013,0.18491212991584333
6014,0.00814910090688555
6015,0.734331472254818
6016,0.028682190943131604
6017,0.01618131145752199
6018,0.005534270308808621
6019,0.30439833787090076
6020,0.056802746943883035
6021,0.5655009370363511
6022,0.975291284913978
6023,0.4469481473901147
6024,0.8641102607409176
6025,0.003056526463275713
6026,0.03311637645342647
6027,0.1606982078817474
6028,0.002868728377491125
6029,0.10061459189310537
6030,0.02937570634283615
6031,0.27260745492658084
6032,0.07976746044454514
6033,0.028114173671946713
6034,0.03968259476813821
6035,0.08206027613130103
6036,0.013940604938496508
6037,0.0921820822382012
6038,0.0030744296663440794
6039,0.018494821780849758
6040,0.14236280941894988
6041,0.3794199795919864
6042,0.00939701519144769
6043,0.21288690991356285
6044,0.011727708648432358
6045,0.00458843586322273
6046,0.8701768741551236
6047,0.9411820688838315
6048,0.16649595129483596
6049,0.4081957923842322
6050,0.002833552468607958
6051,0.9306466946404329
6052,0.9701328080235578
6053,0.3225111072969473
6054,0.0032779226727198815
6055,0.10187152846072087
6056,0.1632861739636537
6057,0.0259048708154162
6058,0.925633838255468
6059,0.8448610245593465
6060,0.007849321578490573
6061,0.01266673539815495
6062,0.004607908983114963
6063,0.25492007338432354
6064,0.0016215068592924944
6065,0.7685791236944018
6066,0.014217132260055297
6067,0.008772833291417459
6068,0.003334499380352201
6069,0.012479278289181621
6070,0.10101193735598799
6071,0.8748075578319695
6072,0.005286911532513752
6073,0.059343225276607514
6074,0.023675737842925697
6075,0.0006594894549507435
6076,0.008606560120402678
6077,0.7388816762080818
6078,0.6104489572452529
6079,0.007876001091336002
6080,0.22774848346784696
6081,0.8467454172935015
6082,0.4736970485702886
6083,0.2114459744219325
6084,0.6506971015936734
6085,0.00218371795691442
6086,0.13246327201572639
6087,0.20652058316336247
6088,0.6579788172997347
6089,0.007745002465456967
6090,0.2923922479221523
6091,0.08517392478936357
6092,0.023542066843796686
6093,0.0046277078351776605
6094,0.012502461605875719
6095,0.04365660308655759
6096,0.12803126179118463
6097,0.4189253456112343
6098,0.11434988401030359
6099,0.014518808536993772
6100,0.001698301810559158
6101,0.01303157337862285
6102,0.10975418020909938
6103,0.11912490840493567
6104,0.151942248569662
6105,0.011285262354365893
6106,0.0019845337888316603
6107,0.042311221247811184
6108,0.02821343642087974
6109,0.06573905072694412
6110,0.049665119194406145
6111,0.32502401641451195
6112,0.007679714439880525
6113,0.09099310271065086
6114,0.04398417600259277
6115,0.0678901939051178
6116,0.004153934425505514
6117,0.11452020048628497
6118,0.015179096409524962
6119,0.08352104897553597
6120,0.9590140984666307
6121,0.01858654339099109
6122,0.0047182739506549005
6123,0.09499646797203262
6124,0.06615109169969392
6125,0.4443407259836897
6126,0.037881124631230174
6127,0.0014164500823789072
6128,0.17891913359892747
6129,0.0010192978474106854
6130,0.0003056665410370019
6131,0.007128241861391228
6132,0.4895809265311238
6133,0.2586264882961739
6134,0.0049923315761025155
6135,0.18092260596576462
6136,0.018796145893722846
6137,0.01200034865652225
6138,0.21794441598121372
6139,0.9714835806332394
6140,0.03414597572153096
6141,0.03213936537096909
6142,0.00465408173697928
6143,0.5266098560325353
6144,0.01487010856624215
6145,0.0018430860091927462
6146,0.09800681342918886
6147,0.07087398177116613
6148,0.024697638146074723
6149,0.003511670092797885
6150,0.49736924079293016
6151,0.0013468965207370732
6152,0.08731353505281832
6153,0.03096636218865799
6154,0.017773129296277355
6155,0.008968486425692458
6156,0.6676722387224235
6157,0.0026807597588825133
6158,0.10033376125869302
6159,0.5538941217033457
6160,0.0034767272601482456
6161,0.004630274508559966
6162,0.018725973753810656
6163,0.02626753672715818
6164,0.22834781533315562
6165,0.7583246944090601
6166,0.027784784299621904
6167,0.002469391866869762
6168,0.30568097961537505
6169,0.30963282098764194
6170,0.06437820626481416
6171,0.008988179780845922
6172,0.005423131831727851
6173,0.2409121431443715
6174,0.001793626014541215
6175,0.02840061267938442
6176,0.013581278774165411
6177,0.00903286576962629
6178,0.008406421481712712
6179,0.13957826721846397
6180,0.23799155051727197
6181,0.06591841037117306
6182,0.37279547066818447
6183,0.20456993457130468
6184,0.9538998500377258
6185,0.4841879830951697
6186,0.16219156995514436
6187,0.016399821709331668
6188,0.3348747701182437
6189,0.006055939713892059
6190,0.005497541528637959
6191,0.07230398908916437
6192,0.20872892409262125
6193,0.20845060495306236
6194,0.03645733031147385
6195,0.06752687888746532
6196,0.013292379074426632
6197,0.2442470597291681
6198,0.04422031166746812
6199,0.008744039498756958
6200,0.1200291088090578
6201,0.3857306116204651
6202,0.02516225337881595
6203,0.016304974296103548
6204,0.7645713297070535
6205,0.7067840903486791
6206,0.9586321184411225
6207,0.025112554839929874
6208,0.7038596519533554
6209,0.0064764978627982325
6210,0.01638979151885119
6211,0.08277448791121217
6212,0.9523277461620221
6213,0.002463450110835968
6214,0.14764147406165087
6215,0.011544203420672592
6216,0.26698422455795723
6217,0.0937561810502476
6218,0.2983415476683302
6219,0.007236578542975433
6220,0.030501610501453114
6221,0.021220219537201244
6222,0.8576956437427579
6223,0.03915147391791084
6224,0.007700848901270775
6225,0.28312522250300204
6226,0.0841008236922373
6227,0.06450807017856389
6228,0.04372745219401081
6229,0.0846746389710184
6230,0.25139881907129236
6231,0.006962001195278067
6232,0.041565297412798075
6233,0.1809860759994987
6234,0.371907297695507
6235,0.6769900534709726
6236,0.4580079019356697
6237,0.008237087475585913
6238,0.015983368798732467
6239,0.7094214176645688
6240,0.2667343777705024
6241,0.010506986808093567
6242,0.4416602143616021
6243,0.3686755680888269
6244,0.04994398846903233
6245,0.001100822505275787
6246,0.0684019778183155
6247,0.019621457174521427
6248,0.3161796998415439
6249,0.07987364557981055
6250,0.06329342363603051
6251,0.25927829211253617
6252,0.0020535181983852412
6253,0.0019859377783292926
6254,0.006698309007716253
6255,0.35129528311559033
6256,0.0013181873154889782
6257,0.07070182000158023
6258,0.07740365558543365
6259,0.13228599581764008
6260,0.8293843746068755
6261,0.1064236381911024
6262,0.04135813608706465
6263,0.00247383392247894
6264,0.03858744629381906
6265,0.24635183457509913
6266,0.005231587088134911
6267,0.008754606628449185
6268,0.6621601114122342
6269,0.8081197528225741
6270,0.02015277293625129
6271,0.01934491732388302
6272,0.8092203255519327
6273,0.3379548177031447
6274,0.011397334276774597
6275,0.0005324800266568903
6276,0.015115498720656442
6277,0.011253385212130245
6278,0.03213645974716068
6279,0.19458879617445257
6280,0.04236623293538439
6281,0.0019001221182808792
6282,0.0020925426963470453
6283,0.012808947061400624
6284,0.01581278708295252
6285,0.5212837331947842
6286,0.001394891914980386
6287,0.010413037501450343
6288,0.010579386408065031
6289,0.0022656035828466925
6290,0.06305414920628521
6291,0.255465611115236
6292,0.0007824612967477362
6293,0.03032632709955474
6294,0.8339173487378264
6295,0.0016031765748843923
6296,0.11454384466821042
6297,0.019734365447523564
6298,0.37517269824083754
6299,0.001374610770435194
6300,0.4275577647725816
6301,0.10388405912841342
6302,0.003043287325328289
6303,0.009707166926095972
6304,0.07067675897424533
6305,0.02332042503330781
6306,0.11510341887664056
6307,0.2761909021983971
6308,0.0027482546073925294
6309,0.016162484593098075
6310,0.24110358946437635
6311,0.32821232302972714
6312,0.026878167168257423
6313,0.0614474121374576
6314,0.7576777520590853
6315,0.6417306609466767
6316,0.0026423223613909106
6317,0.004078434901241742
6318,0.0019695298526734473
6319,0.6418339553460213
6320,0.9200132809182576
6321,0.08812446090390856
6322,0.0017309352148040156
6323,0.02274387176785864
6324,0.020079620146513037
6325,0.014073572345738536
6326,0.0236253342699846
6327,0.0008263379658615681
6328,0.00833109058666423
6329,0.0005324316014799276
6330,0.019934184268743372
6331,0.0018131331667986864
6332,0.0885076018497808
6333,0.021956212399993243
6334,0.08592085530209534
6335,0.029830446476642108
6336,0.7200468877605487
6337,0.2142340560842725
6338,0.01413154956707939
6339,0.2971415006190965
6340,0.7671980437393194
6341,0.027349775093232633
6342,0.0036051888934457784
6343,0.2006428263541878
6344,0.7809429750640119
6345,0.05348486426670569
6346,0.008189451498417877
6347,0.5723155410824825
6348,0.2365292483850577
6349,0.0017399234880985854
6350,0.04811860643015478
6351,0.10639822568438503
6352,0.02263624792704305
6353,0.0569798969492786
6354,0.004257687855201938
6355,0.6530594321209424
6356,0.006585497896041947
6357,0.012986921243809405
6358,0.008465537670731693
6359,0.1166341811873293
6360,0.8112546724327873
6361,0.013509199383776649
6362,0.004868081093163132
6363,0.010221539402685732
6364,0.12151218059658368
6365,0.10540097872249178
6366,0.09414197812856996
6367,0.11450909924935493
6368,0.008088472933775348
6369,0.01226915151599285
6370,0.01158590676762989
6371,0.2601284645195427
6372,0.010884859577813127
6373,0.30364718783223144
6374,0.880761587763487
6375,0.022173383789487484
6376,0.007064931897159924
6377,0.18632657539220512
6378,0.9595145397941864
6379,0.04891246562169105
6380,0.0040845538507263204
6381,0.025388843938433898
6382,0.02104619654390081
6383,0.21076596655478338
6384,0.02104309227356277
6385,0.04752563699821121
6386,0.022961988830640153
6387,0.044574078086253036
6388,0.5502692947319356
6389,0.1217057755282624
6390,0.049966195847588546
6391,0.012689063030024813
6392,0.07452398104550448
6393,0.005185953481686598
6394,0.004988455907579022
6395,0.27765832790846684
6396,0.15019650936956652
6397,0.0019609294399178614
6398,0.03540743916757362
6399,0.08860246841477182
6400,0.19110528613064906
6401,0.015367273439780333
6402,0.5921609385403008
6403,0.9275107222840435
6404,0.0017688563579543234
6405,0.013279764176099216
6406,0.1899469112269881
6407,0.016995558204327226
6408,0.006060063991757902
6409,0.04503293310232811
6410,0.022205382700235005
6411,0.010091089710455765
6412,0.9392790212356222
6413,0.28978529536593267
6414,0.19686864773276871
6415,0.002436980996093005
6416,0.0015601839391475717
6417,0.135380267740633
6418,0.011998199614331356
6419,0.10319763173105223
6420,0.01613859792163197
6421,0.025118345316645703
6422,0.7837834161189199
6423,0.0018315653944155352
6424,0.006863942294012165
6425,0.25295256481863326
6426,0.4292823332260963
6427,0.8348325564102513
6428,0.029370997785979847
6429,0.20017581071259813
6430,0.6913477504987248
6431,0.03880643959963375
6432,0.025198979253762358
6433,0.00119861348835917
6434,0.012199425545265895
6435,0.007602797547016758
6436,0.9782740916129337
6437,0.0721639839873639
6438,0.0111350144853008
6439,0.20336043539043305
6440,0.0707973358701224
6441,0.02308718307576744
6442,0.9962422217694638
6443,0.0009032701476332382
6444,0.0037801279848547536
6445,0.7604816324224871
6446,0.6930654419744039
6447,0.022549880998805463
6448,0.13011929656985238
6449,0.3215907668741192
6450,0.013092422112037604
6451,0.011906194495872621
6452,0.3635908319946211
6453,0.6642651738459323
6454,0.032284345521455676
6455,0.2526199470005034
6456,0.033358725775798084
6457,0.0077656670551623725
6458,0.11379470301397236
6459,0.15181455511940917
6460,0.01591786668870439
6461,0.3023769405141798
6462,0.068835174904295
6463,0.143327300387048
6464,0.006318776056126025
6465,0.003728915809831991
6466,0.7820979931284934
6467,0.10041996772125068
6468,0.6327084805303657
6469,0.9555261272086599
6470,0.7488176127007986
6471,0.01377659417783373
6472,0.21293443124677122
6473,0.024783232390429653
6474,0.1567069036706236
6475,0.021774775819761602
6476,0.015074629029672378
6477,0.224402504849787
6478,0.5508484296441489
6479,0.007080138681674086
6480,0.008834725335514354
6481,0.027686223485169838
6482,0.040637316416483445
6483,0.013432694156683207
6484,0.022569532367121867
6485,0.7153106716419543
6486,0.21376306809333526
6487,0.4106659954911197
6488,0.014128884755087901
6489,0.052133236527096276
6490,0.023867274815390523
6491,0.7073744915390083
6492,0.06676364501804496
6493,0.0070483602716185
6494,0.1448180720707337
6495,0.005232609819232447
6496,0.2406965472723963
6497,0.42443393368445714
6498,0.011676987008065791
6499,0.0966844438150784
6500,0.0023668489886482153
6501,0.05341747510867907
6502,0.05726410538256057
6503,0.007101650159966121
6504,0.041793904682053275
6505,0.770185797801332
6506,0.014382970409861367
6507,0.024268265511005326
6508,0.14421305924520458
6509,0.03198579421829791
6510,0.001243238106673193
6511,0.004866910463765316
6512,0.024494698000985842
6513,0.0010509862330634935
6514,0.6187819010264248
6515,0.894408679772343
6516,0.0074570448981325305
6517,0.005767196211789648
6518,0.04565172800827127
6519,0.009715124069788328
6520,0.0730584080470849
6521,0.24533296853857042
6522,0.012515719101379335
6523,0.049254830526960905
6524,0.023329388911222253
6525,0.003306381840925301
6526,0.0022866283748564174
6527,0.4086030286836186
6528,0.8438849783833274
6529,0.05237041133471861
6530,0.0013991355532118183
6531,0.03254614761187652
6532,0.02021590861264204
6533,0.006219006439724669
6534,0.5129029074946966
6535,0.00657523442599788
6536,0.5191342567717799
6537,0.30364772492705916
6538,0.07396855321800308
6539,0.0009838892101976028
6540,0.5965576829307618
6541,0.6279737033367354
6542,0.5780465552474038
6543,0.00034727741756155863
6544,0.8743660674980984
6545,0.002890586624694979
6546,0.04587768492290157
6547,0.022263844112345547
6548,0.02464460802030782
6549,0.0024837703069917855
6550,0.05261146432007345
6551,0.07281609743852989
6552,0.04540313929200658
6553,0.0090150966039162
6554,0.018462639259330775
6555,0.002484798060390473
6556,0.2701248000417268
6557,0.7359134273885783
6558,0.40587692966770905
6559,0.1752487059725735
6560,0.28562425980926764
6561,0.005775016526362401
6562,0.06783699542505099
6563,0.14326227991302873
6564,0.009364610709957233
6565,0.007192293367964823
6566,0.9860427687452646
6567,0.10143704969592442
6568,0.0058712668193356
6569,0.03586559570545609
6570,0.01293835659240863
6571,0.17925222630289495
6572,0.0029195044243167634
6573,0.49974093875367664
6574,0.003388805816511921
6575,0.11749089411159978
6576,0.03580936684554882
6577,0.020213688491122657
6578,0.007742635644003189
6579,0.017116182098177196
6580,0.010248282090130477
6581,0.12942124653480955
6582,0.018373570463067194
6583,0.06936848621925065
6584,0.4191385159839258
6585,0.021000864232902365
6586,0.05568754282428517
6587,0.001424518003027459
6588,0.014447362146685962
6589,0.1782818817416567
6590,0.04606240722767899
6591,0.02538727906019034
6592,0.4661736135079124
6593,0.6574042988376858
6594,0.03469011438422417
6595,0.2045067658511935
6596,0.008013029439017097
6597,0.9372397393328137
6598,0.010890287063991047
6599,0.5488575945535232
6600,0.004322693948330926
6601,0.38538717658078514
6602,0.39278148541454566
6603,0.004998769534348948
6604,0.10852004815062243
6605,0.0818675010516425
6606,0.01343021009523751
6607,0.06020163794827511
6608,0.20120871088823683
6609,0.007800997212866285
6610,0.028837240547867026
6611,0.34708217739566743
6612,0.02079518007235589
6613,0.03540617195791697
6614,0.36503572754660824
6615,0.013732009043320526
6616,0.6063564408039858
6617,0.17972987875637236
6618,0.9808296220214423
6619,0.0028332549100930056
6620,0.008746353153876025
6621,0.6260658154783336
6622,0.022081515420110734
6623,0.06198888840817269
6624,0.00998122677816536
6625,0.004881756744370729
6626,0.15417649932958957
6627,0.03535534781202681
6628,0.003721963270356623
6629,0.202585066183227
6630,0.014629643691237367
6631,0.28337545070492526
6632,0.6815122318550711
6633,0.2866128038889284
6634,0.06617677060506025
6635,0.08337634780870076
6636,0.1294734619424608
6637,0.017336526139745737
6638,0.03654921145063138
6639,0.2676882641266734
6640,0.006559399075130517
6641,0.02185521018368508
6642,0.014547507909627382
6643,0.000980000163837566
6644,0.4443856542789371
6645,0.030727723777868733
6646,0.030122093443513305
6647,0.06590329992396037
6648,0.07893388144816176
6649,0.10668253416715871
6650,0.2569731356368638
6651,0.011914819644679797
6652,0.02448868359856135
6653,0.021251195192846014
6654,0.17405448604493554
6655,0.0070082900420943735
6656,0.040944052357778635
6657,0.0622633408296333
6658,0.008856711272385798
6659,0.025116131022667233
6660,0.013749083135995753
6661,0.02912608507978949
6662,0.5792586514364584
6663,0.030970102135150036
6664,0.04437538937189899
6665,0.04791057916411607
6666,0.10175217834152266
6667,0.16808664059359543
6668,0.12448265882536669
6669,0.021534201755035804
6670,0.7118597743107682
6671,0.04902039512801476
6672,0.8822234784132553
6673,0.0031478332856762366
6674,0.006910059056083002
6675,0.32615014606625076
6676,0.08861367812039539
6677,0.010970275342416127
6678,0.010555935680600032
6679,0.07203229848681111
6680,0.00786215243634871
6681,0.11319908470387727
6682,0.7578650556866622
6683,0.0026029348241694023
6684,0.47171849546676525
6685,0.17421252028693526
6686,0.025003958046703953
6687,0.07310394073610689
6688,0.44445677029115366
6689,0.2646038634522001
6690,0.982953827617618
6691,0.09954286706323226
6692,0.03336823805582987
6693,0.18881329600862087
6694,0.4987656142503876
6695,0.002981251340077387
6696,0.01964346263118957
6697,0.06811794653956967
6698,0.04400031077659109
6699,0.0033606110253749885
6700,0.04599553336256466
6701,0.06856611462365392
6702,0.07226205340698617
6703,0.024263619512001084
6704,0.14723487541233715
6705,0.9142912090557302
6706,0.01923349397658699
6707,0.05348302796759054
6708,0.006440919442382559
6709,0.0526951598455349
6710,0.6743219802184335
6711,0.005544086760852472
6712,0.9647526075456895
6713,0.2984531596108417
6714,0.008901279944298093
6715,0.7624627845541165
6716,0.4871610151324147
6717,0.004520265585047776
6718,0.2849790204196261
6719,0.2609289275677325
6720,0.0049285112136983195
6721,0.012790717503812615
6722,0.06851020840799715
6723,0.003760483769465948
6724,0.031012075172900194
6725,0.041440727461288886
6726,0.10820388446067007
6727,0.794625742718162
6728,0.9502162791632898
6729,0.0023292745325724186
6730,0.1925853798436554
6731,0.018589154227900907
6732,0.005578245509933438
6733,0.036912767984359385
6734,0.01939037941830293
6735,0.9067241741537169
6736,0.0170405157839222
6737,0.06113265026881767
6738,0.017569256622593465
6739,0.10422453295984685
6740,0.019944808344210564
6741,0.3740099060126185
6742,0.026866750157271024
6743,0.026605846035070574
6744,0.0035011615365771955
6745,0.30805768291354124
6746,0.8522752115963113
6747,0.039240384824136824
6748,0.0017465000811061635
6749,0.2731614747305784
6750,0.003050087009728107
6751,0.24651358006958668
6752,0.02116389156910902
6753,0.013428038239465529
6754,0.03601607473270191
6755,0.2156111884211082
6756,0.01392041595233729
6757,0.052215557156710876
6758,0.055198755366287634
6759,0.9325819793265258
6760,0.09415898327337663
6761,0.00272127532912697
6762,0.6168274710580238
6763,0.08944237919799727
6764,0.0031174926947790246
6765,0.003023374221149593
6766,0.09301208389738101
6767,0.4053811134734586
6768,0.419968100410158
6769,0.010785440006374152
6770,0.11242367715319414
6771,0.9176413207501902
6772,0.5029088296049411
6773,0.12228473731135986
6774,0.01403120100541441
6775,0.005742187715885842
6776,0.09018802096886482
6777,0.1664811970889274
6778,0.02296755275981929
6779,0.4622891874645104
6780,0.019821562992049707
6781,0.0047811758344145855
6782,0.005795809211111525
6783,0.34645488576780314
6784,0.06803606883332217
6785,0.6568757118670533
6786,0.03522945797486171
6787,0.9519955678802651
6788,0.9200819035538267
6789,0.1221976384113262
6790,0.011100938399408674
6791,0.5117291028954748
6792,0.25020671409678896
6793,0.41952401407334006
6794,0.00721582758218781
6795,0.007188384670895922
6796,0.8747899976152789
6797,0.006878802192190238
6798,0.012912056016586824
6799,0.0008275540012879189
6800,0.023079839166320573
6801,0.01618141756072263
6802,0.021942515234846954
6803,0.0029873375172019888
6804,0.011180968964016531
6805,0.009388153592654117
6806,0.09362001823109518
6807,0.5551719994857508
6808,0.33539881441052716
6809,0.19416159492826546
6810,0.005373577362238414
6811,0.023787435911985486
6812,0.0019348827531781281
6813,0.1236921216331703
6814,0.025063429926428026
6815,0.04620074049857819
6816,0.5813187309972362
6817,0.9691780878971421
6818,0.2744413115330795
6819,0.14278919454435912
6820,0.6588650226263942
6821,0.004612945596191681
6822,0.10269145004858242
6823,0.11466019191445759
6824,0.007682198728856766
6825,0.0028043173878751445
6826,0.027468135650593608
6827,0.028214485207670656
6828,0.918485070420343
6829,0.26863292439399694
6830,0.015626416192717058
6831,0.046052489056243484
6832,0.0025164356918900934
6833,0.14327798419454674
6834,0.05398371801306282
6835,0.0024483419115888293
6836,0.004751539601525319
6837,0.024370253246961068
6838,0.15279440905453454
6839,0.00203530748360922
6840,0.19046090596268772
6841,0.0028343096862148078
6842,0.807459921536105
6843,0.030200646417576256
6844,0.7120698942704652
6845,0.28482976879300664
6846,0.07096784497322989
6847,0.006119398370055519
6848,0.00868095076918433
6849,0.006116446122124376
6850,0.0024127871116658645
6851,0.5682380356642935
6852,0.6338526069192641
6853,0.0031567547459021156
6854,0.5027956459647295
6855,0.01749220293648419
6856,0.0018739807283231198
6857,0.035665986866202794
6858,0.3025334722563041
6859,0.013637863849218675
6860,0.014683438800451828
6861,0.6599269401107255
6862,0.018940789208282436
6863,0.0016570219498400788
6864,0.016597367539784014
6865,0.0027274042740951495
6866,0.005576807198028538
6867,0.012847584242181766
6868,0.05162889253277375
6869,0.07604253787371354
6870,0.004453315402574639
6871,0.9877333829468397
6872,0.10241008081599651
6873,0.03106846121302831
6874,0.6329208264178018
6875,0.11302272095656447
6876,0.013066843943016835
6877,0.002133650032457195
6878,0.7131172206460111
6879,0.045180751879403125
6880,0.8106520559126406
6881,0.02761355871654041
6882,0.0784307107523707
6883,0.0023381316226666663
6884,0.11077577979585547
6885,0.10578785894807703
6886,0.06370189464085513
6887,0.6555257455080391
6888,0.0850702560326843
6889,0.17563399392889023
6890,0.007589654614278063
6891,0.0069668179185877616
6892,0.022157801114261536
6893,0.09794622510384711
6894,0.8499897327190549
6895,0.5804051457168363
6896,0.023226434465915297
6897,0.05975974754943551
6898,0.027903121291475833
6899,0.005542915276623218
6900,0.041597882413948614
6901,0.49043568220554706
6902,0.25392688825299925
6903,0.28537103430765365
6904,0.0039816218167846975
6905,0.0010797415319987033
6906,0.08083570592742434
6907,0.15738329670001114
6908,0.012269922531126529
6909,0.019238241900446516
6910,0.11445894047093749
6911,0.31599514128159456
6912,0.9432480427964662
6913,0.007624719441368953
6914,0.009839491445465018
6915,0.08966232761919103
6916,0.011483309998191247
6917,0.007411108639225039
6918,0.01914326929312259
6919,0.7619106012840648
6920,0.0036947054273822094
6921,0.05751020795641454
6922,0.04409426145035872
6923,0.045576280956416027
6924,0.9500403371660865
6925,0.45597318960691946
6926,0.436437357068397
6927,0.05551122807387649
6928,0.009718734843995845
6929,0.3772477909297657
6930,0.6435575714138698
6931,0.037049993090359494
6932,0.13612020500495908
6933,0.007748623570023056
6934,0.0027177149156804538
6935,0.0043984717566524
6936,0.055687094521081275
6937,0.3317011681389009
6938,0.02485715228754345
6939,0.09272297499910176
6940,0.007392203936992807
6941,0.051229150553066025
6942,0.9102113608576499
6943,0.22092304715018254
6944,0.8825079746790927
6945,0.038255244619201816
6946,0.01803990808117276
6947,0.047776183427362805
6948,0.023472662302057024
6949,0.025615250204992526
6950,0.14990068381371166
6951,0.05283576783921315
6952,0.8680864679389411
6953,0.0346758577848777
6954,0.004543588405781495
6955,0.0038399652994443993
6956,0.0006564861503719223
6957,0.8870315998388478
6958,0.7715979192525525
6959,0.2281111930725584
6960,0.0012810163363328143
6961,0.04508068211349015
6962,0.30963137586443845
6963,0.9689374143476357
6964,0.8736470059054404
6965,0.016958003343764218
6966,0.010147918481052152
6967,0.14964282680014776
6968,0.23979509320316816
6969,0.003722185831097124
6970,0.9130020000519165
6971,0.7819919417800661
6972,0.008438651060261952
6973,0.006410403070069689
6974,0.011644719735296807
6975,0.9491912942579233
6976,0.004188643269296051
6977,0.956077381220768
6978,0.9769478332047505
6979,0.1402071315559795
6980,0.00996598136164664
6981,0.09701009584856043
6982,0.0038692861668730523
6983,0.387724981245141
6984,0.008268332095048707
6985,0.0033830650577303285
6986,0.12896439440796728
6987,0.095781855961962
6988,0.019709347728472507
6989,0.6517535928765326
6990,0.005036875740423097
6991,0.00604146787925886
6992,0.03502293871550145
6993,0.0011617654908712262
6994,0.02729181295337596
6995,0.6223788353599508
6996,0.09056161984893409
6997,0.35063754963417465
6998,0.3410796999840074
6999,0.09032218127499043
7000,0.7948641995705497
7001,0.010235895885771855
7002,0.006770296853392011
7003,0.025982257997343747
7004,0.08841633003498425
7005,0.02970839096191069
7006,0.9325490389614275
7007,0.6198867512486146
7008,0.11702691499707114
7009,0.1255027493095883
7010,0.0017531363391582934
7011,0.9719294756514454
7012,0.49108908267318563
7013,0.034135665448609416
7014,0.6583421384105503
7015,0.003683730421443578
7016,0.05969825193333998
7017,0.010526570096897178
7018,0.0032650698841610436
7019,0.7258524801222224
7020,0.4917701202386397
7021,0.0060627770240679665
7022,0.593006201494146
7023,0.02149676610659415
7024,0.43226143112988286
7025,0.02103003933550395
7026,0.6830022370111618
7027,0.026219025896986357
7028,0.33152554081424607
7029,0.0069393672486497485
7030,0.054715249627465386
7031,0.11710726153959575
7032,0.00565956296713327
7033,0.9420798714821161
7034,0.030021868961764352
7035,0.26407154124785387
7036,0.08311462595738199
7037,0.0005544456820448823
7038,0.1117564306737591
7039,0.5170493887567864
7040,0.2931201925529678
7041,0.050067048081512626
7042,0.33857456737137775
7043,0.0994484761300823
7044,0.13089364938844375
7045,0.06660050527970347
7046,0.2353497940333285
7047,0.01589600177208296
7048,0.4938622172836077
7049,0.004589990835457605
7050,0.026889967467375046
7051,0.08904164860660234
7052,0.04239906679159697
7053,0.013603048289012555
7054,0.02137993997746372
7055,0.22531648291870704
7056,0.09143266911557446
7057,0.021745773572437177
7058,0.008307387042076564
7059,0.03583238299603611
7060,0.01246529150787519
7061,0.04369893957461519
7062,0.005649845132572279
7063,0.04708349398452712
7064,0.009949161290279002
7065,0.7867135929344804
7066,0.005365968678743077
7067,0.007226665783634466
7068,0.0506598824147503
7069,0.00503126380448241
7070,0.5823748962450348
7071,0.17977357813467573
7072,0.04376627444391341
7073,0.005446550669066686
7074,0.007837052382730454
7075,0.04796908783768179
7076,0.12204839124057437
7077,0.004174930739975197
7078,0.008222354012354305
7079,0.025672107120822504
7080,0.37145204857431036
7081,0.022859122382453256
7082,0.0895234311280637
7083,0.21748900122330203
7084,0.09595573404620507
7085,0.03175682232813872
7086,0.02893247814934595
7087,0.0029996421360627985
7088,0.4227827694273631
7089,0.23845259751366207
7090,0.07375766888633484
7091,0.031153141166672973
7092,0.6129110947286266
7093,0.005658256324085025
7094,0.020516651570506594
7095,0.11542632866866256
7096,0.06006944554542467
7097,0.03945181164317583
7098,0.0005628190157607596
7099,0.10324536652990667
7100,0.09485924509423294
7101,0.006854957785670568
7102,0.11690051794006007
7103,0.09312747983631772
7104,0.15925988238749333
7105,0.057183071937106957
7106,0.0006388395853766665
7107,0.3199808219143795
7108,0.14710685230913198
7109,0.02904235042581195
7110,0.0013833344617404284
7111,0.008030566703247142
7112,0.2668177975259601
7113,0.0038223646850140936
7114,0.01283933220160049
7115,0.4793606258156938
7116,0.04363082666843149
7117,0.06366311579335349
7118,0.24335673154006815
7119,0.9450442579095474
7120,0.01950216638817635
7121,0.029610938678111983
7122,0.006434556691419489
7123,0.008809587684893172
7124,0.10368385632924772
7125,0.004929129423963301
7126,0.4897734773073477
7127,0.0023658914264692564
7128,0.22104200860940648
7129,0.3135197704180762
7130,0.7202221162002855
7131,0.013677040914145006
7132,0.6965588784498342
7133,0.008442448734601028
7134,0.658633286456135
7135,0.13830567263254007
7136,0.1463214050601639
7137,0.0015549354476407278
7138,0.10363496771504241
7139,0.010044462034424193
7140,0.008654928636216067
7141,0.034871092958176524
7142,0.21315277113363365
7143,0.9975706035177855
7144,0.17077533790824453
7145,0.015101970687423163
7146,0.009709009950134885
7147,0.003926187769758448
7148,0.01962367714158797
7149,0.48523253083585033
7150,0.0005109113427661404
7151,0.0030791891518750173
7152,0.0762239325269093
7153,0.0016360418983911965
7154,0.931448360542956
7155,0.005122576151061984
7156,0.5177550891327135
7157,0.010357496283571481
7158,0.0073585208272197115
7159,0.2498775705281129
7160,0.27591036011144987
7161,0.8592635047068903
7162,0.21209050395422016
7163,0.014401139041761235
7164,0.07424158549863161
7165,0.7423480446918358
7166,0.00521715405053072
7167,0.0014627206845489599
7168,0.27797066108974483
7169,0.8323087357426792
7170,0.0515580734122811
7171,0.0037153685149559855
7172,0.005327498949578932
7173,0.02570489139196985
7174,0.08860415945642743
7175,0.04116449266320244
7176,0.951897617641595
7177,0.7083435660756221
7178,0.20744131956054557
7179,0.01633559682063234
7180,0.07538338495063374
7181,0.040720964842389774
7182,0.018575243889061763
7183,0.04106538396442255
7184,0.009020905383309344
7185,0.08314254348342989
7186,0.6278954457845811
7187,0.2584230599401276
7188,0.007927831013828848
7189,0.0078089108288033155
7190,0.39638377996627244
7191,0.18457947135256944
7192,0.16294652721883096
7193,0.9510536001762872
7194,0.8622002005197301
7195,0.010014418681077598
7196,0.07903916254044974
7197,0.16049149273974816
7198,0.01074775542540618
7199,0.6306212275215328
7200,0.19414224348064685
7201,0.8044606900280541
7202,0.43570922433712544
7203,0.13766744452399957
7204,0.0208042416881787
7205,0.005429095508704102
7206,0.0012400656626203974
7207,0.7541931971133438
7208,0.6232703162685787
7209,0.027232461892642827
7210,0.20119217372475207
7211,0.003560541924198491
7212,0.0013521956944674842
7213,0.1037634588418079
7214,0.001872858330186348
7215,0.03748377284191183
7216,0.3502629584057188
7217,0.5339655827105384
7218,0.024978422812805358
7219,0.010086244348305533
7220,0.01004144301149375
7221,0.3869450099670461
7222,0.012989984138051401
7223,0.03115312527527075
7224,0.025199425000281918
7225,0.01402868795957004
7226,0.0151414899456747
7227,0.2761723938669877
7228,0.03175598012870064
7229,0.04919843758074223
7230,0.03955963516094033
7231,0.13012125163117785
7232,0.016321155143038002
7233,0.6309228921306378
7234,0.04871198470685305
7235,0.5806624132855123
7236,0.014131176569811617
7237,0.021885743634794317
7238,0.009123423169909349
7239,0.04416958652673947
7240,0.16986264571714366
7241,0.0063229307874928765
7242,0.01823690699566706
7243,0.13697790491979117
7244,0.18827722023491003
7245,0.015379657020021616
7246,0.6479056906535015
7247,0.005398228912387561
7248,0.2812811971710858
7249,0.0016314420136621796
7250,0.06654275150834903
7251,0.2862605594556748
7252,0.8188888084232994
7253,0.017184727837952697
7254,0.5096161907778335
7255,0.554969431733783
7256,0.7239190781441069
7257,0.0663479893009104
7258,0.2608609997361112
7259,0.02722470084653487
7260,0.7044690437926486
7261,0.37591161124190786
7262,0.018722054758445607
7263,0.023751712938917483
7264,0.7084776394441465
7265,0.016885134141728878
7266,0.005539251367801529
7267,0.02186717830862537
7268,0.20162103058147296
7269,0.030036374852029122
7270,0.0139559310648343
7271,0.006513254332828151
7272,0.022359436879910936
7273,0.004678215669113618
7274,0.05023230964456099
7275,0.08329152968924462
7276,0.14079585097913497
7277,0.2598249467949387
7278,0.013372368321698946
7279,0.7327573857618066
7280,0.0020957209483013356
7281,0.0038026976276126037
7282,0.8050067591511996
7283,0.0065490030500632845
7284,0.2777760372840678
7285,0.002362098605825724
7286,0.019385460666150857
7287,0.028891673180489314
7288,0.018946730510035835
7289,0.22070022553718976
7290,0.3654394578917071
7291,0.0024242967407622083
7292,0.007306031561306814
7293,0.061861021133875156
7294,0.0024969801998506905
7295,0.09975288291259393
7296,0.6145329443655204
7297,0.0030631286412391885
7298,0.10279577760986261
7299,0.9887859355000528
7300,0.05710934375324802
7301,0.9338105106641557
7302,0.02926750486928742
7303,0.8855838322773305
7304,0.024575919097083992
7305,0.5519204349060265
7306,0.13296970546601852
7307,0.06046349107714943
7308,0.240473782765591
7309,0.04355006855208126
7310,0.978986520173273
7311,0.014527260084770016
7312,0.009918018826533696
7313,0.04631011517952552
7314,0.004603766106712191
7315,0.8782348934579292
7316,0.0033207899425141845
7317,0.027052432767695332
7318,0.04895513868096604
7319,0.0006464090077498504
7320,0.000994685724899262
7321,0.0044914468972973975
7322,0.003120825157588713
7323,0.7009564125856629
7324,0.0639706662267484
7325,0.8943969493610011
7326,0.014722303461456168
7327,0.009561917189134841
7328,0.8186740473076282
7329,0.05882780928663329
7330,0.18795749852639623
7331,0.07747349028867288
7332,0.08549208052059183
7333,0.030275238560232075
7334,0.2341513793625837
7335,0.07811437780775715
7336,0.013020611179736557
7337,0.22017991550600974
7338,0.004137481044264329
7339,0.011857175401500414
7340,0.6899065464159178
7341,0.042134117074581284
7342,0.13945902026211623
7343,0.12907209032424155
7344,0.0345920648797767
7345,0.19608088821677452
7346,0.002084161569659416
7347,0.03559700612197099
7348,0.0046897905822421435
7349,0.036686663075479714
7350,0.0029018570417714408
7351,0.06920934102367418
7352,0.9481523598523086
7353,0.00793788256895209
7354,0.9132799515291351
7355,0.0023815696038465865
7356,0.13608940834688454
7357,0.002919900824967587
7358,0.02316226427896671
7359,0.013553023585277879
7360,0.022044775692499095
7361,0.10549328952171885
7362,0.7175516306804258
7363,0.06299738825714281
7364,0.43498934350280066
7365,0.002418864566719623
7366,0.43775604261792067
7367,0.03973172958184017
7368,0.136716395165884
7369,0.005232422130649816
7370,0.9778053008592826
7371,0.03970945621201855
7372,0.008350183386109197
7373,0.007861049337177649
7374,0.1843590652392128
7375,0.05670245434337645
7376,0.012539662165615252
7377,0.012006448464757232
7378,0.30428292920349226
7379,0.006038249088172028
7380,0.04625545752288788
7381,0.0028171517203534626
7382,0.012297597955252334
7383,0.0701149645865977
7384,0.19692385265744963
7385,0.04200158640623719
7386,0.27444896462383594
7387,0.008308228935477922
7388,0.07591922463909781
7389,0.03071554600873573
7390,0.014511574149392976
7391,0.10995292691155682
7392,0.01904611505920952
7393,0.573335180510376
7394,0.7172268884716864
7395,0.01983992526643037
7396,0.06319087228033762
7397,0.008776502946558065
7398,0.00456143031440915
7399,0.17529123845298
7400,0.13619307839269493
7401,0.02019097643602669
7402,0.09119433095040724
7403,0.0022350744989666133
7404,0.032540782082941234
7405,0.0009764965317362626
7406,0.8751870657020467
7407,0.9770954777943917
7408,0.051981541786170274
7409,0.03358427007647348
7410,0.008197428895960139
7411,0.0031086868595932887
7412,0.871051665318779
7413,0.17577560552167165
7414,0.9472424259733812
7415,0.03141164098860803
7416,0.10566109929791215
7417,0.8497084034845017
7418,0.07012380283062275
7419,0.20287885805938424
7420,0.06004393365576143
7421,0.006060779837240121
7422,0.8020607091046339
7423,0.08207640164101837
7424,0.7010699270108874
7425,0.27407116944811616
7426,0.051100499874961125
7427,0.040634859770859094
7428,0.8990205372032772
7429,0.11136025988522519
7430,0.06327844173179942
7431,0.02825948937263633
7432,0.05888338114476704
7433,0.046741478739497425
7434,0.40392061528012657
7435,0.9047155385797248
7436,0.04510924773371056
7437,0.061595808542430505
7438,0.0020613620263168794
7439,0.012220487911206737
7440,0.019320392121702647
7441,0.15225499901428602
7442,0.06865804863684767
7443,0.9604463797010598
7444,0.7419978192277046
7445,0.22004305728693183
7446,0.1632444989127344
7447,0.10977889734653062
7448,0.7275008604911295
7449,0.9708229931715917
7450,0.008308073639974151
7451,0.016495108807876857
7452,0.8756020213517217
7453,0.10422982334911637
7454,0.6827627188057557
7455,0.09970457481976612
7456,0.7405656240932349
7457,0.07314067180058992
7458,0.0021818377474431957
7459,0.2858206821682277
7460,0.06092192510138711
7461,0.698450506623503
7462,0.0037937839447039425
7463,0.17275344817285238
7464,0.011052779514045766
7465,0.004922892875650937
7466,0.5739506528470107
7467,0.08241200512462712
7468,0.07580023370870692
7469,0.06975355997455814
7470,0.16213256855554414
7471,0.006895090727882182
7472,0.00648818220938446
7473,0.6521302681122475
7474,0.318742143424917
7475,0.039372644492307145
7476,0.7380104513307552
7477,0.011887921453336942
7478,0.1581796810567048
7479,0.01533314835310471
7480,0.7149470113730869
7481,0.21691307649565714
7482,0.011249115447818038
7483,0.013649917661284976
7484,0.0414976910114239
7485,0.051836730708641136
7486,0.0037694162645889803
7487,0.004815250144032134
7488,0.1463849277829621
7489,0.8986003982170857
7490,0.008801722660929349
7491,0.0679057303506498
7492,0.21560805453757395
7493,0.5992525196250449
7494,0.008682102401034763
7495,0.058390335468971176
7496,0.0034695402466721173
7497,0.6602605122329877
7498,0.4103258431911312
7499,0.07494886677882467
7500,0.0025428521356305367
7501,0.2960575000623573
7502,0.006350167599041468
7503,0.041208382423468165
7504,0.09120428387871216
7505,0.31692078410445107
7506,0.3372299693258441
7507,0.0020225615123721265
7508,0.22404592714721047
7509,0.01652378627294693
7510,0.0534673886218829
7511,0.1953988696763344
7512,0.4275908538009355
7513,0.027309436566716146
7514,0.01697721783471048
7515,0.09439910291251409
7516,0.03161637778807773
7517,0.5341095709515403
7518,0.009100920154490056
7519,0.4922465731535654
7520,0.2007588709880803
7521,0.06180532727157426
7522,0.721424116395625
7523,0.23726910868228954
7524,0.3302744871127824
7525,0.06491214173533619
7526,0.011666866419891996
7527,0.01748991267185074
7528,0.06315447323118889
7529,0.16835667860402154
7530,0.5160316845137475
7531,0.11582253770765075
7532,0.002074272943986151
7533,0.011024001741609337
7534,0.025561519990643097
7535,0.026673646663454485
7536,0.7073752438189201
7537,0.28539524445957387
7538,0.09707495255814066
7539,0.8197422558603955
7540,0.21944377764125575
7541,0.004157936037397829
7542,0.10015211626511163
7543,0.6228349428823216
7544,0.0310607611938037
7545,0.07894219992224949
7546,0.03241837850149346
7547,0.7772464391174356
7548,0.4288351935177721
7549,0.0016428107272370809
7550,0.016321906088041533
7551,0.010135705262259162
7552,0.010033095174033552
7553,0.04876111100047844
7554,0.05276214073494868
7555,0.009514854808601151
7556,0.03291283137494586
7557,0.5163355806363431
7558,0.48605606488725533
7559,0.3097070320115877
7560,0.17222697341045773
7561,0.045818218602016327
7562,0.016293820711818018
7563,0.6184075874193043
7564,0.0014613988761044904
7565,0.21661241067129958
7566,0.8268081634725186
7567,0.022544164041892634
7568,0.0030772800004395715
7569,0.08381233141460513
7570,0.003175868497547804
7571,0.7878917411077161
7572,0.191226170289305
7573,0.017823780210666593
7574,0.9370753140079834
7575,0.019805979741296994
7576,0.011187096698644374
7577,0.005808258512434762
7578,0.013627487716696344
7579,0.08398867920804459
7580,0.011131338164098729
7581,0.007828215725410183
7582,0.16158159761104693
7583,0.4496561746903454
7584,0.019207271949996694
7585,0.580675145142822
7586,0.013437684521344783
7587,0.06394177251228016
7588,0.07057887535335072
7589,0.0028907170917224505
7590,0.17506457387038557
7591,0.013840787374603699
7592,0.26328972789567834
7593,0.008215263617959998
7594,0.17506429201153503
7595,0.006924783816769793
7596,0.05639768055096882
7597,0.00315244983855818
7598,0.009156149247450368
7599,0.5931807694872429
7600,0.0029857490920003884
7601,0.0021604943059449883
7602,0.052780233979922576
7603,0.0927241897977158
7604,0.008223326173956684
7605,0.03343507088915499
7606,0.20548364729726332
7607,0.023510329795794795
7608,0.01702121597253674
7609,0.3309706874733006
7610,0.05501456483805104
7611,0.010047567928046066
7612,0.023168608094334995
7613,0.6080918552220598
7614,0.24497257728288
7615,0.2342773730951731
7616,0.8810431787223078
7617,0.022594688623415543
7618,0.003686294561941869
7619,0.029837982420157838
7620,0.020679693741426093
7621,0.09632377480442054
7622,0.010168257802714692
7623,0.7484986995760233
7624,0.28641609223805353
7625,0.3167624160691777
7626,0.004186524249005447
7627,0.6241964548164063
7628,0.030714843737012314
7629,0.0035412054707927108
7630,0.00390903912099007
7631,0.701826184400057
7632,0.974259872949117
7633,0.20696264211448212
7634,0.0008412084343048175
7635,0.26445295417345416
7636,0.2637117259861135
7637,0.022445694774922965
7638,0.6130755243182842
7639,0.3290477992244375
7640,0.9463412330409339
7641,0.009948036422196284
7642,0.01128224310878376
7643,0.2036022578680259
7644,0.015982447005691874
7645,0.004679697880384692
7646,0.002981884885646668
7647,0.006142637360510379
7648,0.033790852745949757
7649,0.022287122561961706
7650,0.010392803899251313
7651,0.010675408444533444
7652,0.002541584170436212
7653,0.017480383103273232
7654,0.007185099474914435
7655,0.11251454301099591
7656,0.10645280985561505
7657,0.9510772246140331
7658,0.04565179002662944
7659,0.004693089019373762
7660,0.11059385200694777
7661,0.13662452529247596
7662,0.04749341569010413
7663,0.0012961964434774957
7664,0.03794012618235729
7665,0.026316579044656833
7666,0.8084785221641626
7667,0.004395594757213978
7668,0.12160019455256882
7669,0.010252047344630229
7670,0.003251910620341538
7671,0.6352028867567714
7672,0.08748134702753581
7673,0.004902054419986286
7674,0.9877259946631151
7675,0.0264733519485962
7676,0.5554923168645577
7677,0.0029685075089662433
7678,0.7686946093820154
7679,0.05213571486805657
7680,0.14069503411086692
7681,0.00045290575990581213
7682,0.35251368644033787
7683,0.11619327560163009
7684,0.8828787358810246
7685,0.01671281392116236
7686,0.6733338407869824
7687,0.5629215887363166
7688,0.014700061828458136
7689,0.19356155779967193
7690,0.48048270396488085
7691,0.002508763202332447
7692,0.008815639580538494
7693,0.8896508160349876
7694,0.35337764033608715
7695,0.8185276414757549
7696,0.004980733438452459
7697,0.042432491657635844
7698,0.03645490072916351
7699,0.028466365165914564
7700,0.8855597787004098
7701,0.42700335190301075
7702,0.07339622359762357
7703,0.00048172983358060794
7704,0.020368172579394443
7705,0.012660875159075411
7706,0.012357667244166374
7707,0.2983704513721516
7708,0.04150411223783635
7709,0.3835023484664281
7710,0.003852561056527685
7711,0.0873748017746361
7712,0.0053182629144438885
7713,0.04830157552507144
7714,0.8196611216834272
7715,0.01646407185529992
7716,0.004900270391655479
7717,0.06429826543420897
7718,0.0008961878118569416
7719,0.267961915082318
7720,0.004027997076191507
7721,0.047673801663568056
7722,0.8677910864711245
7723,0.05866803306438306
7724,0.7309106296100292
7725,0.0013065972354062258
7726,0.009245309173347462
7727,0.003577616261380965
7728,0.10712039771063547
7729,0.004616149196813993
7730,0.03565702744638531
7731,0.5900341771121532
7732,0.3027080185243433
7733,0.7621417078021745
7734,0.0201027112530321
7735,0.44768018523119085
7736,0.9397138708392906
7737,0.018188386198669977
7738,0.0022942171341866014
7739,0.017767131160329394
7740,0.3937115794506472
7741,0.3301314711100373
7742,0.04808632337382172
7743,0.019371255695371306
7744,0.14044826433868757
7745,0.7801828448782318
7746,0.6386773290128949
7747,0.21307470551804478
7748,0.5940312942447933
7749,0.0012178574458132812
7750,0.7733291933140531
7751,0.27534505613148497
7752,0.01669334744153678
7753,0.0001430202944922529
7754,0.03241146725875705
7755,0.07960274255030458
7756,0.5791680608021968
7757,0.06136308047934607
7758,0.013305444489053492
7759,0.04701640807711415
7760,0.0019183342456636887
7761,0.009038579880291846
7762,0.007292706085802395
7763,0.47210575956380724
7764,0.6392075997866664
7765,0.0007420308969564728
7766,0.4972084173196171
7767,0.24424582696434763
7768,0.49874675705196986
7769,0.14995453787321097
7770,0.04281351444017311
7771,0.07265666924315843
7772,0.37105664497909985
7773,0.08612270266276992
7774,0.043220545979995494
7775,0.15959793144679307
7776,0.020697518752835563
7777,0.36680206382491004
7778,0.1398838139851151
7779,0.020415596735755232
7780,0.13891172035461105
7781,0.016190015383748584
7782,0.0027269153536687157
7783,0.023207659473780347
7784,0.06370115005767522
7785,0.25069262857664065
7786,0.03532489007740089
7787,0.014132293089528026
7788,0.28346688868772585
7789,0.04956096281306526
7790,0.009801263869155535
7791,0.01796154988255413
7792,0.9876466968085443
7793,0.057085370429714496
7794,0.004911303292211252
7795,0.002140668070323863
7796,0.8219602452101825
7797,0.14381789180310658
7798,0.10943369897141178
7799,0.032522392559277295
7800,0.021263296722064933
7801,0.027898014453846563
7802,0.10190823367884262
7803,0.1853791227651109
7804,0.966037587680889
7805,0.06613351511568331
7806,0.08633260890153517
7807,0.05178076139314011
7808,0.0030091721893185834
7809,0.02383556355855814
7810,0.5939060792376105
7811,0.016387506234980857
7812,0.0064714252731253655
7813,0.8731443954673866
7814,0.7720185050242554
7815,0.01562533342468006
7816,0.03446638810467084
7817,0.04439812861002082
7818,0.2679846873925072
7819,0.6392419278397332
7820,0.9735898255938319
7821,0.004236409489827145
7822,0.028238541750303835
7823,0.00649305430345281
7824,0.0550572655258266
7825,0.18858487160509124
7826,0.07712890401156308
7827,0.0008204880399625867
7828,0.11042726120286607
7829,0.005804536674112299
7830,0.2792586766588559
7831,0.028743697474475766
7832,0.21799932789564783
7833,0.9875355012823256
7834,0.026494375766653203
7835,0.009286734378900109
7836,0.006009678615404936
7837,0.0011026954664591067
7838,0.18508362451175078
7839,0.7691993648958917
7840,0.023598374825002665
7841,0.33057406809576073
7842,0.039556900782054545
7843,0.023969706769023307
7844,0.0071360930072757785
7845,0.009854708871952219
7846,0.00766166276809936
7847,0.8925964379842186
7848,0.006255964294367142
7849,0.006508711140537668
7850,0.027769031903550876
7851,0.18213964929271123
7852,0.06260138290601445
7853,0.0012790805577525505
7854,0.9181702279050659
7855,0.0025469087987395294
7856,0.118522972397648
7857,0.014129268630715902
7858,0.19734317573204826
7859,0.011857739469745953
7860,0.5458755343483546
7861,0.27993135579231787
7862,0.2536852684451116
7863,0.5344691569896327
7864,0.0023619237225233104
7865,0.005193662359686201
7866,0.008731463221845344
7867,0.08467976136834388
7868,0.012648873586645676
7869,0.01037198266227241
7870,0.029689068277030092
7871,0.03377264372319773
7872,0.8754157116198014
7873,0.059493498984798845
7874,0.0019704856522925183
7875,0.5415462999061769
7876,0.1668112421560127
7877,0.04259914676653443
7878,0.1113445662280579
7879,0.054271581885324584
7880,0.0132230313302242
7881,0.0036100664930020883
7882,0.09153611680349866
7883,0.0033347206012010687
7884,0.020179262644755055
7885,0.019564747823972963
7886,0.7006092792447095
7887,0.823170035928889
7888,0.011363137227293468
7889,0.014867473050894127
7890,0.07351205910043038
7891,0.6848382908405702
7892,0.9431289500187263
7893,0.04607990811381682
7894,0.002333974543999051
7895,0.16876837542329565
7896,0.2371079025552056
7897,0.17070145395983838
7898,0.00864661288497455
7899,0.544977051278213
7900,0.00923849853816524
7901,0.5609233276984426
7902,0.006976496752310867
7903,0.0971831685180468
7904,0.0011379124707289853
7905,0.7478407026051566
7906,0.01254863938018395
7907,0.6503306243206967
7908,0.2798519199279137
7909,0.0014022011294562962
7910,0.40669114757997016
7911,0.18129212292094737
7912,0.012201242347014349
7913,0.8152919470253449
7914,0.8221003636728772
7915,0.0040748668518062504
7916,0.16425678041901956
7917,0.4199292122892024
7918,0.8047890443184865
7919,0.2412910548044832
7920,0.9986058000146858
7921,0.02872597791185662
7922,0.013343763946433398
7923,0.07620445204967267
7924,0.01316375364970627
7925,0.005834574365050009
7926,0.13272067396931142
7927,0.3492757988482175
7928,0.10013906482736637
7929,0.08939358195927082
7930,0.029373232839175797
7931,0.610286177456375
7932,0.002937046003074388
7933,0.027434629599253094
7934,0.02251194832322532
7935,0.45087545341522955
7936,0.38778781095542125
7937,0.0013292920329463112
7938,0.02762635760576198
7939,0.9106883727110812
7940,0.03903646762441519
7941,0.581704004288515
7942,0.9624490688799632
7943,0.9072674402682419
7944,0.008598525960906978
7945,0.020006292315716382
7946,0.8994842421835582
7947,0.0007191500053040093
7948,0.005583146675304974
7949,0.29256433490747635
7950,0.6317703050357155
7951,0.25771916179930027
7952,0.0014078556009622031
7953,0.029258315844920026
7954,0.011463537447701172
7955,0.6080917284296627
7956,0.04328110933918869
7957,0.09462594721602824
7958,0.11402012453463928
7959,0.005663114717344287
7960,0.47066491639022623
7961,0.0425460293629418
7962,0.5069216324082774
7963,0.006273034200267035
7964,0.010292582286694918
7965,0.006664257488674858
7966,0.13849153247730275
7967,0.014962404977456604
7968,0.0022467946557235296
7969,0.19216802790358747
7970,0.013604858503342683
7971,0.004409689238919313
7972,0.421938367746027
7973,0.004378332678761327
7974,0.01973269485403975
7975,0.8103946099468966
7976,0.372771158991792
7977,0.02603151174021971
7978,0.008240839063836426
7979,0.0034901826299283878
7980,0.19835552889149638
7981,0.02737663428274426
7982,0.4030414698924204
7983,0.07540571723875913
7984,0.0133377435400183
7985,0.03005911233597265
7986,0.06152838685244244
7987,0.002040193949014049
7988,0.0168833160197615
7989,0.01390392092678275
7990,0.02592587723467337
7991,0.047419913471290695
7992,0.004460184814405542
7993,0.0361225496036506
7994,0.0026147961822508463
7995,0.09207671775469797
7996,0.25800188295507004
7997,0.7832532245252462
7998,0.08350945498047076
7999,0.06736674293275342
8000,0.07362989328096103
8001,0.017392157776602996
8002,0.11517186445654372
8003,0.6675265311114189
8004,0.31716799523631395
8005,0.3358944747508522
8006,0.0014447158207225893
8007,0.02644034745019958
8008,0.02896539388595923
8009,0.43266947151253615
8010,0.6037395278338153
8011,0.030543753791618024
8012,0.09459195195811645
8013,0.0014175567262420341
8014,0.5196716347878955
8015,0.4046475328085779
8016,0.3829911725690146
8017,0.901888751320856
8018,0.220301027081505
8019,0.027805006632303314
8020,0.04107931170100947
8021,0.3670356795241945
8022,0.1891038935641326
8023,0.005278968054423524
8024,0.0012265897250918225
8025,0.7088705243604606
8026,0.1316934336431581
8027,0.162913166472233
8028,0.2866168516442575
8029,0.013997437446676331
8030,0.08572525477722422
8031,0.19970078746786157
8032,0.5109518630669168
8033,0.2346469563688879
8034,0.38776064200175675
8035,0.8651010004265954
8036,0.11679092317418287
8037,0.0020169642576550128
8038,0.10460017449259643
8039,0.8383622702084784
8040,0.03413496403903385
8041,0.4241159948588115
8042,0.016243020034486355
8043,0.011428802772397308
8044,0.8390018672194662
8045,0.6049338720333182
8046,0.052853984685251286
8047,0.19510193320392424
8048,0.007431622402747915
8049,0.00714392003858161
8050,0.6513028412249604
8051,0.9498737759125394
8052,0.01759350689470939
8053,0.008872314975605346
8054,0.030962132522456345
8055,0.38810678522739916
8056,0.5974078892081616
8057,0.023883724036953474
8058,0.13156063580024016
8059,0.011909332933609946
8060,0.5807694341980959
8061,0.09974497195899693
8062,0.022314451674610353
8063,0.9853826405362122
8064,0.2748899369461879
8065,0.022903091483663516
8066,0.5929603959556173
8067,0.0062977956825402345
8068,0.005429665788135786
8069,0.04746318613371229
8070,0.313079178142094
8071,0.005678345496227234
8072,0.06270695410894532
8073,0.6827235286231652
8074,0.11000317144799561
8075,0.26422601673809715
8076,0.800050973626793
8077,0.3047898316056752
8078,0.027520425525828368
8079,0.024413114325484146
8080,0.48264538600599516
8081,0.0063787821398020444
8082,0.20929016462130456
8083,0.00884207399156116
8084,0.4246826902972554
8085,0.12042466237967292
8086,0.02078322066812247
8087,0.008784060567114
8088,0.436103192431191
8089,0.0022620880907626003
8090,0.002252479644046686
8091,0.7731543062934014
8092,0.011113629273418933
8093,0.03943312440019505
8094,0.0017278130552323028
8095,0.380713229340556
8096,0.006349068864127653
8097,0.001120806448012789
8098,0.003152151363394109
8099,0.7159761748562573
8100,0.49427532751325015
8101,0.055751388217058856
8102,0.02088716478941719
8103,0.005731248492066165
8104,0.007868716896135095
8105,0.0771639218486583
8106,0.10414223955773975
8107,0.07210265978249161
8108,0.8873137926505502
8109,0.0016964914817409224
8110,0.5051145758191615
8111,0.0028468048947144103
8112,0.46942847972244667
8113,0.0035140622548012596
8114,0.002536945976899035
8115,0.5286480214278323
8116,0.03714067466547199
8117,0.050896132808403896
8118,0.04322050727922304
8119,0.5953274976691618
8120,0.7315514711512043
8121,0.0038447146902680037
8122,0.011808815135650906
8123,0.07173143381169586
8124,0.06742931291749599
8125,0.0035872279440667906
8126,0.012858915356837149
8127,0.9147994312692858
8128,0.6221562183231091
8129,0.05081575509634551
8130,0.12331378855176253
8131,0.02272297633892366
8132,0.004829616652688445
8133,0.1522290412121796
8134,0.0016763101794948544
8135,0.23151592779826344
8136,0.017157318125692378
8137,0.14128144851039948
8138,0.31645264101108694
8139,0.004113075079514863
8140,0.4972058847524977
8141,0.06772304992420666
8142,0.02469998584155521
8143,0.006055882312169962
8144,0.019382745823053577
8145,0.006387575431668763
8146,0.01498556559816944
8147,0.5248941106836557
8148,0.04705593632812632
8149,0.38635899342935803
8150,0.018655256156546434
8151,0.04307843949750094
8152,0.1266442164389191
8153,0.3004321689702628
8154,0.45444061387279505
8155,0.1905791858460576
8156,0.0075258779841943365
8157,0.00769355401242687
8158,0.13310150874122217
8159,0.5676976713995469
8160,0.006028212738706993
8161,0.20752104112223668
8162,0.16716086636160282
8163,0.11264475339427
8164,0.06457895577913837
8165,0.6301439482791165
8166,0.08257176213178515
8167,0.019075115877752506
8168,0.10464099070830911
8169,0.36211438205965635
8170,0.4551201528559559
8171,0.3406205979061835
8172,0.021014206300826534
8173,0.01300092917548169
8174,0.05961620049175651
8175,0.23589583514883833
8176,0.005997275665039928
8177,0.7916598978647836
8178,0.933243738171079
8179,0.009248217402985339
8180,0.00227888266115809
8181,0.744975651985966
8182,0.00491952314500143
8183,0.02349163689732054
8184,0.7754481796064974
8185,0.007534033354477704
8186,0.25972968706696853
8187,0.03836245853379774
8188,0.0680995049890948
8189,0.07704098653425714
8190,0.1418356570227215
8191,0.3419264179077462
8192,0.2896787636603811
8193,0.06465250626387624
8194,0.11247718974952431
8195,0.27156630277689725
8196,0.07053278321001193
8197,0.005224573173733664
8198,0.5738574402546865
8199,0.3278112541918519
8200,0.03200705867162539
8201,0.0238448520073539
8202,0.9696661976968923
8203,0.48418870158029803
8204,0.12478603238973252
8205,0.003550938362737634
8206,0.056235645464229295
8207,0.05192349966765381
8208,0.009709343437466957
8209,0.013666216828422964
8210,0.033666668223487434
8211,0.017687023398174743
8212,0.556876633008654
8213,0.9624709651169743
8214,0.05281627895071494
8215,0.33309016483437404
8216,0.011661571939424057
8217,0.5935205936909763
8218,0.04559449784064086
8219,0.021373990696866147
8220,0.33707781040604834
8221,0.4439851325880767
8222,0.01926586072942124
8223,0.08529040038555394
8224,0.1086879336489584
8225,0.07817401675628158
8226,0.3192585655912269
8227,0.12299375240299451
8228,0.15412416904587145
8229,0.036219854307118965
8230,0.12009518996936595
8231,0.01158467100623455
8232,0.0027543505019683567
8233,0.0029119305238680306
8234,0.0033590854312816787
8235,0.0005537589881387289
8236,0.10046165938731857
8237,0.36073282913218707
8238,0.002629274959906613
8239,0.017369652259468314
8240,0.025293635158608684
8241,0.004732211439299658
8242,0.009026799273286135
8243,0.005242644462626469
8244,0.9162540610971095
8245,0.067795604099229
8246,0.012624333692588573
8247,0.017856241114445923
8248,0.14225890466561467
8249,0.47370915304901595
8250,0.10731199403484347
8251,0.13206644059953568
8252,0.0032105124528919015
8253,0.007869145912183087
8254,0.015465497739592597
8255,0.022358033458452317
8256,0.28887084783475114
8257,0.08850838147243993
8258,0.030470732424252637
8259,0.8403784615691965
8260,0.780537712452045
8261,0.004055425202666921
8262,0.038897784189166715
8263,0.013840463458077667
8264,0.8341610228619024
8265,0.012221095036497329
8266,0.47524708482529854
8267,0.09175803515487749
8268,0.7523843428531308
8269,0.0032565372697191987
8270,0.110922104199943
8271,0.00670323374525931
8272,0.006145199407450363
8273,0.002974210633392127
8274,0.0009926716590446477
8275,0.15797769421332825
8276,0.881724171892367
8277,0.010605018686267982
8278,0.08677800419864089
8279,0.728669528128369
8280,0.10495634765778572
8281,0.008318315772893006
8282,0.12704939364455678
8283,0.1849588551397245
8284,0.006703539303110115
8285,0.1799711843009489
8286,0.510917634502276
8287,0.0009866361433058992
8288,0.23727119571676053
8289,0.06671780402059696
8290,0.06180420826709581
8291,0.24646404461456967
8292,0.09522878420735618
8293,0.5993650913454486
8294,0.0055433779629259295
8295,0.026897839009885308
8296,0.011852110449623459
8297,0.24615306403189702
8298,0.33534579633147826
8299,0.992768595296484
8300,0.005158131903548676
8301,0.1880236601611682
8302,0.34407400003064126
8303,0.024847373609908782
8304,0.0027175912313712725
8305,0.002139791642678978
8306,0.498951329478144
8307,0.2044114694213739
8308,0.03327516873483257
8309,0.022974153825227106
8310,0.06060796011307935
8311,0.03265733619623467
8312,0.0057575239011246485
8313,0.012996387999092699
8314,0.1246355395998779
8315,0.0027148459101173465
8316,0.0036562786032079586
8317,0.07644410197606426
8318,0.18256672572334717
8319,0.003207002529061226
8320,0.15746816346943784
8321,0.31444936800104367
8322,0.6110453608705445
8323,0.0016742190866433971
8324,0.38166910274759186
8325,0.07550258657596037
8326,0.5976313905778963
8327,0.07657465223937064
8328,0.7460105754140257
8329,0.0031076130625546905
8330,0.3791956528266356
8331,0.08797576077148428
8332,0.001180199965955968
8333,0.001431285183481475
8334,0.01141209696195463
8335,0.012606070274865237
8336,0.014112381516785052
8337,0.01884777033943142
8338,0.04322542144191441
8339,0.17323761501661722
8340,0.0694282392509366
8341,0.5077699708028055
8342,0.8943482526809351
8343,0.051083800606990776
8344,0.002924138796174899
8345,0.023860679276500155
8346,0.051661376563834044
8347,0.5904215075724599
8348,0.007544405937663838
8349,0.007087929166302386
8350,0.019015404578437308
8351,0.11776117692802439
8352,0.2249770336200123
8353,0.013424920759087071
8354,0.16991752695049034
8355,0.9752476013091868
8356,0.036383141033464884
8357,0.07951424331274469
8358,0.083735514772862
8359,0.03583602344934777
8360,0.09464315193554501
8361,0.026890527677329624
8362,0.0779356491150258
8363,0.009554605831698072
8364,0.42671549747079024
8365,0.0174434446831978
8366,0.25347370759982996
8367,0.9079881447348075
8368,0.009950667625376428
8369,0.04783936545810056
8370,0.030917661619379914
8371,0.1475315809962906
8372,0.4800289120343645
8373,0.0023560435883399062
8374,0.010357381520130405
8375,0.34354822587864864
8376,0.005754898907483437
8377,0.1270079368933238
8378,0.21736735785549913
8379,0.023263292052562414
8380,0.0023059899943012187
8381,0.60195560729091
8382,0.12094310288396248
8383,0.03204478246608436
8384,0.029946287741526075
8385,0.016611625074997388
8386,0.07043135499370187
8387,0.01978272802307656
8388,0.04708763008268746
8389,0.14965799699405655
8390,0.14605180043255456
8391,0.8220056115413993
8392,0.05371600638192687
8393,0.059651408630357235
8394,0.33842842991613487
8395,0.00034833600530848177
8396,0.09182970226351728
8397,0.0017122763495037016
8398,0.04937089906177967
8399,0.002949791710104944
8400,0.9947097913151369
8401,0.00974694683174186
8402,0.9431696942830614
8403,0.02042154641565183
8404,0.39051761155220077
8405,0.9352292553490763
8406,0.001761495962447263
8407,0.009941290175471148
8408,0.006697526599211442
8409,0.12094127567069043
8410,0.22171235843911058
8411,0.4810162912905032
8412,0.09866316788740179
8413,0.4634990461323875
8414,0.38830204086149567
8415,0.0921293444795921
8416,0.034306569509254606
8417,0.030812691634911783
8418,0.9640993753948361
8419,0.002194072677247081
8420,0.7970913998995943
8421,0.005086285702279726
8422,0.5911849014442248
8423,0.23865708662939764
8424,0.7155312629872577
8425,0.40565590340541724
8426,0.10640681623634304
8427,0.011034764107318594
8428,0.020580117259053555
8429,0.9427614938412692
8430,0.3395456622391476
8431,0.0026200502787908564
8432,0.023952151505256033
8433,0.120781525073238
8434,0.0037877468545883474
8435,0.017531456068825422
8436,0.20239572051370802
8437,0.007052784147160878
8438,0.16982711259599845
8439,0.9453277023589106
8440,0.0010499345234384028
8441,0.6365377540967672
8442,0.4172342848277595
8443,0.005312185219025777
8444,0.8148962028497336
8445,0.010006530075863761
8446,0.014819976321883942
8447,0.01183124213529121
8448,0.0025044182680370383
8449,0.40878264027218775
8450,0.02782246831115189
8451,0.6171598726038037
8452,0.2835376153937235
8453,0.13799188521866293
8454,0.8793756672768855
8455,0.15574126428566706
8456,0.20307069499214467
8457,0.016687994600858926
8458,0.003947047175026402
8459,0.01148086277055016
8460,0.008846491928985149
8461,0.3387890411469061
8462,0.003154163176507994
8463,0.10907866330147009
8464,0.1173806494796492
8465,0.016153963422621747
8466,0.014719428583571054
8467,0.03698213527981388
8468,0.01390157718971769
8469,0.4363657200515364
8470,0.07256486232901568
8471,0.3619996400169652
8472,0.28520986654004576
8473,0.8740839285607553
8474,0.11294682373853682
8475,0.01050698132521364
8476,0.47782097294815806
8477,0.0029908870170119043
8478,0.003543459257533756
8479,0.8292205456793245
8480,0.1788521084593132
8481,0.19863584813950072
8482,0.10707093676132164
8483,0.2855366505455649
8484,0.33432713162367445
8485,0.007511623676346359
8486,0.0031878054453877785
8487,0.21953832914799928
8488,0.9472877226062331
8489,0.03071522421809731
8490,0.4941103026497022
8491,0.25031305997801045
8492,0.008512218917372394
8493,0.1295988273531894
8494,0.02628413635309628
8495,0.9943591430194345
8496,0.004061346773985949
8497,0.0023978220032893085
8498,0.41013393695591244
8499,0.0024512435058049718
8500,0.0007942946411523056
8501,0.026579678003189448
8502,0.048200144862176365
8503,0.3679121863532046
8504,0.010744757352298242
8505,0.026915253053174777
8506,0.007818927845506403
8507,0.4255422414226646
8508,0.4298543607565583
8509,0.5932509257545538
8510,0.3528397592047242
8511,0.0013508576170831398
8512,0.05248875733050472
8513,0.002760860081989946
8514,0.0012951759922133488
8515,0.042338168536972885
8516,0.19084530322936163
8517,0.005301260834693584
8518,0.7230583212471621
8519,0.9971389324723721
8520,0.01331783152088054
8521,0.028368907848989225
8522,0.14535446988610046
8523,0.03595671770344047
8524,0.07817049464253359
8525,0.03257871462543813
8526,0.8457320488383825
8527,0.050872901950725365
8528,0.8705441374218592
8529,0.3241453724885469
8530,0.05754931629323057
8531,0.9734866178454024
8532,0.01182982140067472
8533,0.05431342921562018
8534,0.7865688700341612
8535,0.060083537198216574
8536,0.11262311813665915
8537,0.13236262549906816
8538,0.03929063637199815
8539,0.0018768564597259263
8540,0.6722215968407739
8541,0.0632150752879181
8542,0.015263505066823285
8543,0.008348600495395762
8544,0.23140218917450037
8545,0.0176377428982549
8546,0.0412488961934208
8547,0.012853336105842854
8548,0.3840811015756817
8549,0.07253651586764213
8550,0.27810349567627096
8551,0.04543825072037616
8552,0.012736404600916918
8553,0.09618487472930252
8554,0.0040208387812385475
8555,0.01891389808979342
8556,0.006861002896606338
8557,0.005183850950813125
8558,0.03164911068572763
8559,0.0057412406456404975
8560,0.2076989392563066
8561,0.03871248962531008
8562,0.005794625184743388
8563,0.008462925388462161
8564,0.757804963795984
8565,0.015051478276792181
8566,0.004599434811799617
8567,0.006921237474000727
8568,0.19824667050153985
8569,0.4503443567041392
8570,0.13642554315866026
8571,0.014516226513450895
8572,0.4644778053256893
8573,0.11681679690030804
8574,0.9076015138259046
8575,0.25170555802565536
8576,0.3966062182234656
8577,0.03554506261067253
8578,0.7160347667236783
8579,0.11060972388025876
8580,0.05749471531018404
8581,0.031473077637471585
8582,0.01880952257699072
8583,0.9960329376503197
8584,0.011843008396009628
8585,0.9991689684494541
8586,0.008800674673012501
8587,0.016071826555937176
8588,0.06206308650366376
8589,0.02850702344304761
8590,0.5852359390246101
8591,0.13212462563662208
8592,0.004318571535152564
8593,0.000725427195995782
8594,0.03763271398860693
8595,0.022320447754740534
8596,0.2281313896273769
8597,0.1001918893639974
8598,0.008961637688510984
8599,0.670165058523567
8600,0.005280626681744846
8601,0.017047602326697393
8602,0.006349303350912626
8603,0.006876721467411576
8604,0.2743843627205288
8605,0.002741947464968466
8606,0.08591066465298454
8607,0.16215362722285384
8608,0.16863737475822405
8609,0.9009749540499248
8610,0.051865622077399184
8611,0.010358529861585596
8612,0.0065403315890513875
8613,0.022620044123895375
8614,0.18605815206673054
8615,0.005427371756767766
8616,0.07957124315387588
8617,0.9595791175996853
8618,0.25885734407967426
8619,0.38236396114896076
8620,0.023622754727748448
8621,0.3513859954474903
8622,0.013391424261299847
8623,0.020410957344485194
8624,0.8250152098291359
8625,0.18704964289069878
8626,0.00903059680626359
8627,0.007526312712013914
8628,0.014894636921086139
8629,0.002602559618154974
8630,0.016815607627115422
8631,0.021093549117161332
8632,0.055781804197552395
8633,0.09852431219824873
8634,0.19758209866427842
8635,0.6509612502960231
8636,0.028725949246251218
8637,0.07149455134895505
8638,0.13929688229747916
8639,0.036276002977003896
8640,0.3614246067150282
8641,0.006573955862964201
8642,0.20978192124326206
8643,0.035305280877009265
8644,0.1443689443854012
8645,0.10333951778618686
8646,0.010745967166680569
8647,0.04890051472897297
8648,0.014408548018017015
8649,0.03228948636516876
8650,0.04913457382355971
8651,0.009041830779207479
8652,0.02889025965208614
8653,0.15181014925008407
8654,0.0015247539895099425
8655,0.008439630757724898
8656,0.1696638203447796
8657,0.000930094502027546
8658,0.07027640088276182
8659,0.020853171554986442
8660,0.006596226421950048
8661,0.8091272663501733
8662,0.033833191603352
8663,0.031342206141476925
8664,0.11002530007984239
8665,0.010078792264111852
8666,0.05614858487882037
8667,0.021080158498157458
8668,0.011768546713848941
8669,0.012449447667180267
8670,0.028802138023269648
8671,0.6058582713071244
8672,0.23621975018268726
8673,0.008990866683710054
8674,0.43303987272847144
8675,0.1493291731614864
8676,0.14529912471096473
8677,0.011497897917032719
8678,0.002442708636814533
8679,0.06103187443906712
8680,0.05101265122257098
8681,0.2836746913290202
8682,0.4000239039369368
8683,0.0027147237428418436
8684,0.1926584357804911
8685,0.5436959343686045
8686,0.8714153301244819
8687,0.8931875588972557
8688,0.031058484449928887
8689,0.008593145364554371
8690,0.624360361359041
8691,0.622829890737482
8692,0.03859226132985578
8693,0.1010370541766554
8694,0.26179506517546525
8695,0.25850470185329827
8696,0.868415146325954
8697,0.7957573611534664
8698,0.00358919165521126
8699,0.00456197880199538
8700,0.7047651182601334
8701,0.2743130546520049
8702,0.016401622734286476
8703,0.004686716737502315
8704,0.5381969779909918
8705,0.010526549479742284
8706,0.33879530226085425
8707,0.0070224834270536975
8708,0.05838356834463608
8709,0.007219215388497522
8710,0.017828868260191272
8711,0.0036676183636680745
8712,0.987877406118134
8713,0.8814339416856636
8714,0.014973214163650156
8715,0.017853910312538992
8716,0.03660151033890078
8717,0.09256653055815721
8718,0.45199706046206667
8719,0.009769524822648087
8720,0.055707770278854714
8721,0.0023889500178617276
8722,0.011505971448129938
8723,0.0022604725403139628
8724,0.013767084199341176
8725,0.17958242938629526
8726,0.08653402765111944
8727,0.0314022016462071
8728,0.5835359049928704
8729,0.09718914450523271
8730,0.4467744098346051
8731,0.01175818067411264
8732,0.03252571325690062
8733,0.001795627572759931
8734,0.6015958416768112
8735,0.017622599848664062
8736,0.03639361381286689
8737,0.052669645944258416
8738,0.0022155059444846606
8739,0.009504391255974938
8740,0.24687213471073086
8741,0.045849488907249755
8742,0.01908198049011672
8743,0.0833937534299941
8744,0.9195048993930096
8745,0.17258960150866523
8746,0.02814356670638503
8747,0.01387779395251418
8748,0.07263493334565503
8749,0.026444543753421215
8750,0.0060690493177585954
8751,0.4565870008582025
8752,0.09379179890398773
8753,0.0012043501253530477
8754,0.4025423569808348
8755,0.20603494559571325
8756,0.17759150747444816
8757,0.3332343159452413
8758,0.013347632090536412
8759,0.007748293998746476
8760,0.005340463828478155
8761,0.8621836059394824
8762,0.559591819394497
8763,0.14628255328564202
8764,0.008595081093089
8765,0.23332929960254656
8766,0.49601598250387785
8767,0.021106274163021643
8768,0.03211035929891828
8769,0.02900375289446909
8770,0.014905642227453319
8771,0.003531031736961245
8772,0.19703588485007714
8773,0.0038008172700107353
8774,0.2795657074771825
8775,0.4805840348682916
8776,0.010037542599248609
8777,0.005238069493384794
8778,0.10159171273052628
8779,0.7489160526317786
8780,0.021084483968339427
8781,0.09488125202885175
8782,0.050770799525249544
8783,0.0033889309069128977
8784,0.168681766262391
8785,0.005060410686224494
8786,0.989538966384943
8787,0.005672511560625051
8788,0.736783449882697
8789,0.010018966158322368
8790,0.04268709049093489
8791,0.2414079120674281
8792,0.20920869619644872
8793,0.008429264452807561
8794,0.02291149312829406
8795,0.8236843146412223
8796,0.01943672314532331
8797,0.27894309731808165
8798,0.04420773504038688
8799,0.031774950676300706
8800,0.011159654038055864
8801,0.8288312361426399
8802,0.051526633196977645
8803,0.3732497992853549
8804,0.05617116773472819
8805,0.0966837626104984
8806,0.01022529156309645
8807,0.08037433815228702
8808,0.09187497193324731
8809,0.00808156007693923
8810,0.08583134069942144
8811,0.005278197927639014
8812,0.02300773885598762
8813,0.9543289529294587
8814,0.004951063100427121
8815,0.01466396014243026
8816,0.24749120244165462
8817,0.64953532498194
8818,0.0006098171434475482
8819,0.004927103899991002
8820,0.8904895486111196
8821,0.1650944290507703
8822,0.010686839172907293
8823,0.6992810675699156
8824,0.27792059778956407
8825,0.013441890432144658
8826,0.7904156694915953
8827,0.40970399953496645
8828,0.5758744183952006
8829,0.008409227897840434
8830,0.35692308951332696
8831,0.10646034892504062
8832,0.008042765729607413
8833,0.1893046511824434
8834,0.05708764132870985
8835,0.021822805514532053
8836,0.17236139442369902
8837,0.00910468348446532
8838,0.30149632641462787
8839,0.006127212370854018
8840,0.22552094161632186
8841,0.10715696045257198
8842,0.061429890245044076
8843,0.0728841869209621
8844,0.21285620417623116
8845,0.01828063603445864
8846,0.24429129509537229
8847,0.4197384671247096
8848,0.14935124435160674
8849,0.20122506290081044
8850,0.06785389097868645
8851,0.29540780527657085
8852,0.612733454705127
8853,0.4682545659202177
8854,0.04013303673523398
8855,0.4578224035932573
8856,0.6877883549736155
8857,0.17956797705630015
8858,0.03169359328635698
8859,0.800213682109923
8860,0.019263018388903135
8861,0.0046446171761259526
8862,0.10542529203706534
8863,0.21147261494259173
8864,0.030164844549834226
8865,0.305874845848807
8866,0.060627314220844934
8867,0.3277987259373458
8868,0.008264370477110865
8869,0.03519697473589897
8870,0.7127267185347635
8871,0.9503444522141659
8872,0.09229515669379582
8873,0.01173675494690352
8874,0.19634110927256032
8875,0.059990625002445674
8876,0.03978953603445056
8877,0.003749491031372055
8878,0.08315335337625644
8879,0.007074874412082421
8880,0.08191994240300504
8881,0.03670586599674343
8882,0.6832418009557198
8883,0.23857405342202304
8884,0.0018990076580968724
8885,0.13055703542380923
8886,0.030460075635447725
8887,0.43174899763750724
8888,0.03723725121050543
8889,0.006570884236469464
8890,0.22997965635192164
8891,0.04051217863262638
8892,0.13713500397815792
8893,0.003796305524145596
8894,0.5432195827494176
8895,0.7738660852469986
8896,0.0775597792762624
8897,0.0712461068844276
8898,0.20070569604909178
8899,0.435321913963418
8900,0.18916917270261568
8901,0.0029836680003564376
8902,0.14162609991981562
8903,0.011318055203013832
8904,0.06103784462881249
8905,0.29875709395832756
8906,0.005304376406296496
8907,0.008668081288361523
8908,0.19235158956999773
8909,0.02161958433992947
8910,0.03364175405324579
8911,0.0005387138579504954
8912,0.0015771488637869888
8913,0.17659789657111968
8914,0.13397009998072545
8915,0.6193539539186451
8916,0.15561190119615062
8917,0.0032053757798691115
8918,0.012340199306976808
8919,0.0036385036104711888
8920,0.18204434088878077
8921,0.045623263556302154
8922,0.7483079664239417
8923,0.02704583136865351
8924,0.002159219159983603
8925,0.9437377730922202
8926,0.8902067059666142
8927,0.018861089679194164
8928,0.00578823534221265
8929,0.15493006096902953
8930,0.014475759596181461
8931,0.006915765211512798
8932,0.010527150595663776
8933,0.031326426228184615
8934,0.0028581528604484777
8935,0.7242881333116122
8936,0.06648272682210161
8937,0.025554062661833438
8938,0.0690125704153916
8939,0.058267621014023684
8940,0.016300908142652292
8941,0.1164366213237078
8942,0.011187380296319358
8943,0.0021425349214250246
8944,0.08091315454891407
8945,0.0038330648050785825
8946,0.009774789139126284
8947,0.015974072374131978
8948,0.3565274752985725
8949,0.08399706961904006
8950,0.04991527260752217
8951,0.19051745021148397
8952,0.003252893987279576
8953,0.11915638882301292
8954,0.7480309718114483
8955,0.03869300232484402
8956,0.9543903864445219
8957,0.07417834884816153
8958,0.13371458571342845
8959,0.10137219100981973
8960,0.014560308942711604
8961,0.022718713594896512
8962,0.005787875920540701
8963,0.07860869265474624
8964,0.05321015209417796
8965,0.8861390983644719
8966,0.817394669496966
8967,0.2751513562456386
8968,0.0037746638109673837
8969,0.00788803902920992
8970,0.40331797295299365
8971,0.006513305747154554
8972,0.11653855252991864
8973,0.4243569595694534
8974,0.011440987643174107
8975,0.014430332462985375
8976,0.9073217692257642
8977,0.02924017819459511
8978,0.5255319867769493
8979,0.006856137713294355
8980,0.020027601077541944
8981,0.1022485523401252
8982,0.6397470828700075
8983,0.09023557424735666
8984,0.14697486411750063
8985,0.019508967921128287
8986,0.02878971795067051
8987,0.06077557430185725
8988,0.0442438854452532
8989,0.03334217085364819
8990,0.09281237393679835
8991,0.0035866040918058548
8992,0.06787258214760494
8993,0.3273911281828338
8994,0.004856761383878956
8995,0.255405730417725
8996,0.0023494466333846753
8997,0.9544777276464136
8998,0.46203150780859675
8999,0.3608742603996754
9000,0.1325048712661624
